ECG_peaks,mean_rr_interval,handGSR_peaks,handGSR_mean_peak_interval,handGSR_mean_peak_diff,handGSR_has_peaks,footGSR_peaks,footGSR_mean_peak_interval,footGSR_mean_peak_diff,footGSR_has_peaks,RESP_mean_rr,EMG_rms,HR_mean,HR_std,HR_rmssd,HR_min,HR_max,Stress_Binary,Drive,Window_Start
70,0.8583450210378682,1,60.0,0.0,0,1,60.0,0.0,0,3.8666666666666667,1.102092,68.65053763440861,6.554931225181789,1.589456650395858,55.0,90.0,no,drive05,0
66,0.901240694789082,0,60.0,0.0,0,0,60.0,0.0,0,4.317617866004962,0.227967,64.35913978494624,4.371221540331,1.2380755231715173,54.0,73.0,no,drive05,465
63,0.951092611862643,0,60.0,0.0,0,0,60.0,0.0,0,5.1436950146627565,0.22235,61.71182795698925,4.693025011157243,1.1692139908062569,49.0,73.0,no,drive05,930
65,0.9243951612903226,0,60.0,0.0,0,0,60.0,0.0,0,4.634408602150539,0.222611,62.49032258064516,5.362194714294348,1.2306631361078513,49.0,73.0,no,drive05,1395
67,0.8993157380254154,0,60.0,0.0,0,0,60.0,0.0,0,4.317617866004962,0.224139,66.47741935483872,8.864937931145725,1.7579589887830922,50.0,96.0,no,drive05,1860
64,0.9308755760368664,0,60.0,0.0,0,0,60.0,0.0,0,3.7327188940092166,0.222173,66.02043010752688,8.834597910777548,1.7019586007242118,50.0,96.0,no,drive05,2325
64,0.9472606246799795,0,60.0,0.0,0,0,60.0,0.0,0,3.949308755760369,0.218627,62.54408602150538,4.037817529458513,1.0666689092190278,54.0,70.0,no,drive05,2790
63,0.9510926118626429,0,60.0,0.0,0,0,60.0,0.0,0,3.9493087557603688,0.213546,62.13225806451613,4.533119728292769,1.029698922418028,54.0,71.0,no,drive05,3255
64,0.9390681003584231,0,60.0,0.0,0,0,60.0,0.0,0,3.673387096774194,0.211997,61.99032258064516,4.47488966683541,1.0186633002459793,54.0,71.0,no,drive05,3720
65,0.9254032258064516,0,60.0,0.0,0,0,60.0,0.0,0,3.1684587813620073,0.22038,62.29354838709678,3.671872349188348,1.0595813296709689,54.0,70.0,no,drive05,4185
66,0.9171215880893301,0,60.0,0.0,0,0,60.0,0.0,0,3.282732447817837,0.224751,62.92365591397849,3.7349813331560524,1.29543372922915,55.0,77.0,no,drive05,4650
66,0.913151364764268,0,60.0,0.0,0,0,60.0,0.0,0,3.5322580645161294,0.233376,63.71935483870968,4.245396192474706,1.3985229791258935,55.0,77.0,no,drive05,5115
75,0.7986050566695728,0,60.0,0.0,0,0,60.0,0.0,0,2.535764375876578,1.14627,73.03763440860214,11.72762948462768,1.5353740651430472,58.0,109.0,no,drive05,5580
75,0.7916303400174368,0,60.0,0.0,0,0,60.0,0.0,0,2.165161290322581,1.147038,75.4258064516129,11.470269219270271,1.8217085865695026,60.0,109.0,no,drive05,6045
65,0.9163306451612903,0,60.0,0.0,0,0,60.0,0.0,0,2.9498207885304657,0.233823,66.95913978494623,7.153797946998622,1.6262777538341093,58.0,93.0,no,drive05,6510
65,0.9233870967741936,0,60.0,0.0,0,0,60.0,0.0,0,3.5806451612903225,0.214392,64.70752688172043,4.485873563267411,1.203690056626688,57.0,79.0,no,drive05,6975
65,0.9223790322580645,0,60.0,0.0,0,0,60.0,0.0,0,3.3282732447817844,0.210784,64.34516129032258,5.058178007833618,1.3016508521091805,57.0,79.0,no,drive05,7440
64,0.93394777265745,0,60.0,0.0,0,0,60.0,0.0,0,3.0609318996415777,0.212676,63.921505376344086,5.591205641857665,1.4402338047245176,55.0,80.0,no,drive05,7905
65,0.9102822580645162,0,60.0,0.0,0,0,60.0,0.0,0,3.3017077798861476,0.217114,65.3021505376344,5.043477177687488,1.2350287515773957,55.0,80.0,no,drive05,8370
65,0.9304435483870968,0,60.0,0.0,0,0,60.0,0.0,0,3.3738140417457307,0.217516,64.33440860215053,5.569019423419228,1.2376407292957134,54.0,80.0,no,drive05,8835
62,0.9635113696456901,0,60.0,0.0,0,0,60.0,0.0,0,3.146953405017921,0.2164,61.85376344086021,6.357800376030938,1.3395531282569704,53.0,80.0,no,drive05,9300
64,0.9431643625192012,0,60.0,0.0,0,0,60.0,0.0,0,3.0288624787775893,0.226681,62.28709677419355,6.214477128438246,1.273646097255787,53.0,76.0,no,drive05,9765
67,0.9022482893450634,0,60.0,0.0,0,0,60.0,0.0,0,3.1577060931899643,0.24358,63.64301075268817,6.057207523139603,1.3033037427460104,55.0,80.0,no,drive05,10230
65,0.9133064516129032,0,60.0,0.0,0,0,60.0,0.0,0,3.157706093189964,0.238837,63.9010752688172,6.238873875219289,1.4233180355617014,52.0,81.0,no,drive05,10695
66,0.9171215880893301,0,60.0,0.0,0,0,60.0,0.0,0,3.096774193548387,0.226464,65.08709677419355,6.140115332993568,1.3834326506252232,52.0,81.0,no,drive05,11160
66,0.9141439205955335,0,60.0,0.0,0,0,60.0,0.0,0,2.9473684210526314,0.224572,65.39677419354838,4.882114639949947,1.112121296557255,56.0,78.0,no,drive05,11625
64,0.9359959037378393,0,60.0,0.0,0,0,60.0,0.0,0,2.9225806451612906,0.227365,63.8247311827957,5.29540591951821,1.3634471604397023,54.0,83.0,no,drive05,12090
65,0.9233870967741935,0,60.0,0.0,0,0,60.0,0.0,0,2.7838709677419358,0.230519,64.77096774193548,5.599175834997279,1.3535425751305592,54.0,83.0,no,drive05,12555
66,0.9081885856079405,0,60.0,0.0,0,0,60.0,0.0,0,2.7803379416282645,0.232133,65.50967741935484,5.846459539178695,1.3053669128562142,53.0,81.0,no,drive05,13020
88,0.6800148312940306,11,1.9161290322580644,1.1507000000000036,1,5,3.2580645161290325,0.8924999999999984,1,1.090687766281193,5.888582,86.94193548387096,12.606998590394277,1.2050307179555058,56.0,109.0,stressed,drive05,13950
90,0.6661833997825299,23,2.2404692082111435,0.966500000000001,1,10,4.996415770609319,0.9427777777777769,1,0.9860215053763441,6.206628,88.52903225806452,8.875344374904726,1.6777528669187998,67.0,109.0,stressed,drive05,14415
89,0.6737536656891496,21,2.9,0.8777499999999998,1,12,4.310850439882697,0.9050909090909087,1,1.2645161290322577,6.599334,87.41505376344087,8.513227484415681,2.5430629168236427,67.0,124.0,stressed,drive05,14880
97,0.6102150537634409,15,4.1336405529953915,1.0453571428571429,1,11,5.84516129032258,1.0927000000000007,1,1.3060931899641577,8.3822,88.99462365591398,6.785894059864069,2.1549252669990473,67.0,124.0,stressed,drive05,15345
94,0.6375303503295179,18,3.4383301707779887,0.9691176470588294,1,12,3.941348973607039,0.8129090909090909,1,1.0495391705069126,6.847812,85.03548387096774,6.071246265593399,1.6355180427100582,74.0,104.0,stressed,drive05,15810
84,0.7151185386708123,22,2.721966205837173,0.6536190476190508,1,17,3.2016129032258065,0.44312499999999966,1,0.9308755760368663,2.226242,82.15053763440861,6.5578422830893075,2.042076235070213,73.0,104.0,stressed,drive05,16275
80,0.7431604736627195,17,3.2298387096774195,0.44199999999999884,1,16,3.470967741935483,0.2872000000000003,1,0.9740877842411423,2.290771,81.44408602150537,9.405991711596487,2.742246138824671,65.0,120.0,stressed,drive05,16740
81,0.7403225806451614,10,6.007168458781361,0.43666666666666765,1,11,5.645161290322579,0.22409999999999916,1,1.228494623655914,1.89416,81.20860215053763,10.081577533942722,2.5635097711164,65.0,120.0,stressed,drive05,17205
77,0.7767402376910016,11,4.832258064516129,0.8932000000000035,1,10,5.39068100358423,0.4248888888888878,1,1.4805624483043835,2.256317,84.02043010752688,45.576552779426706,9.961821630832436,37.0,265.0,stressed,drive05,17670
73,0.8279569892473118,12,4.926686217008797,0.7904545454545461,1,12,4.838709677419354,0.4198181818181833,1,1.090800477897252,2.590378,80.1741935483871,45.987045635538706,9.958903714075246,37.0,265.0,stressed,drive05,18135
75,0.8073234524847428,9,6.838709677419354,0.4749999999999973,1,13,4.564516129032257,0.22900000000000117,1,1.0943847072879331,2.12033,73.77741935483871,6.034927533079238,1.434242166453924,60.0,93.0,stressed,drive05,18600
76,0.7965591397849462,9,6.314516129032258,0.40374999999999855,1,13,4.360215053763441,0.1982499999999994,1,1.1767741935483869,1.945562,74.52150537634408,5.319680430663077,1.383043554104906,67.0,93.0,stressed,drive05,19065
75,0.8073234524847428,9,6.491935483870968,0.8282500000000005,1,11,5.341935483870968,0.6562000000000014,1,1.0299943406904357,1.965114,73.64086021505376,4.913011834052044,1.2201219300625619,67.0,88.0,stressed,drive05,19530
77,0.7818336162988115,7,7.279569892473119,1.618666666666668,1,11,5.406451612903226,0.925000000000001,1,1.1706989247311828,1.499169,74.88817204301075,6.429298686856118,1.561443399478172,56.0,95.0,stressed,drive05,19995
74,0.8024745912505524,5,13.5,1.4430000000000007,1,10,6.157706093189964,0.5694444444444431,1,1.3609831029185868,1.096773,73.53548387096774,8.37580546807214,1.716757150276287,56.0,95.0,stressed,drive05,20460
75,0.8012205754141238,8,6.138248847926268,0.6155714285714297,1,10,5.060931899641577,0.23744444444444113,1,1.5398981324278438,1.035431,74.36236559139785,9.424338361060807,2.276145780148219,59.0,121.0,stressed,drive05,20925
79,0.7576509511993382,8,6.709677419354839,0.6795714285714293,1,10,5.197132616487455,0.27144444444444343,1,1.5195246179966042,1.209611,77.8752688172043,7.530263756307961,2.2418372443947,64.0,121.0,stressed,drive05,21390
80,0.7513270722743975,7,7.838709677419356,1.4751666666666645,1,11,5.309677419354839,0.4469000000000012,1,1.190967741935484,2.561666,78.02150537634408,5.3534804167524275,1.3028907166723378,67.0,91.0,stressed,drive05,21855
81,0.7403225806451614,8,6.986175115207373,1.2871428571428571,1,12,4.439882697947214,0.3619090909090921,1,1.126550868486352,2.692781,77.73225806451613,6.354435607541551,1.3327052700884097,56.0,87.0,stressed,drive05,22320
78,0.7725178047758694,9,6.854838709677419,0.8081249999999994,1,11,5.4709677419354845,0.37789999999999935,1,1.3833458364591147,2.047188,76.00430107526881,6.026998646386709,1.4312369412211379,56.0,87.0,stressed,drive05,22785
75,0.8020924149956409,10,4.724014336917564,0.8243333333333324,1,11,4.258064516129033,0.3214999999999987,1,1.2110215053763442,1.86033,73.3236559139785,4.271634318685596,1.2702609853634375,60.0,83.0,stressed,drive05,23250
76,0.7862365591397851,9,6.661290322580645,1.4109999999999978,1,12,5.043988269794721,0.43690909090908936,1,0.9396462018730489,1.521985,75.26129032258065,5.406438460732842,1.221444555849341,60.0,90.0,stressed,drive05,23715
81,0.7403225806451614,10,5.878136200716846,0.9647777777777797,1,11,4.296774193548387,0.39130000000000087,1,0.967741935483871,3.571099,80.15806451612903,4.117594625653916,1.0462913128294986,67.0,90.0,stressed,drive05,24180
81,0.7435483870967743,11,4.987096774193549,0.7183000000000008,1,13,4.381720430107527,0.35650000000000026,1,0.9292403746097814,3.550688,82.16236559139784,8.087590573569965,1.8199350583996807,70.0,109.0,stressed,drive05,24645
76,0.7870967741935485,9,6.669354838709678,0.6253749999999989,1,11,5.7290322580645165,0.2756000000000015,1,1.0424448217317488,2.524937,78.052688172043,9.756741164450103,2.162156161804725,64.0,109.0,stressed,drive05,25110
72,0.8287142208087234,5,12.016129032258064,0.9577499999999988,1,7,5.129032258064516,0.48783333333333595,1,1.2602150537634407,2.83608,72.18494623655914,5.5569572055403,1.5531488207569581,63.0,90.0,stressed,drive05,25575
72,0.8305315765561107,5,12.258064516129034,0.8537499999999998,1,8,7.84331797235023,0.6130000000000019,1,1.0768328445747801,2.240899,71.18924731182796,4.955142053139733,1.0575475824416103,63.0,88.0,stressed,drive05,26040
77,0.7801358234295416,7,7.806451612903227,1.7770000000000046,1,11,4.6903225806451605,0.8068000000000015,1,0.7538200339558574,2.023866,75.68924731182796,7.016201870012888,1.3853764940044044,64.0,95.0,stressed,drive05,26505
81,0.7435483870967742,9,7.0,1.9291249999999993,1,12,5.114369501466275,0.8060909090909099,1,0.7043010752688171,2.095877,79.72795698924732,5.630196344699757,1.3992924553762043,64.0,95.0,stressed,drive05,26970
78,0.7708420611646418,8,6.0460829493087545,0.6902857142857142,1,11,5.070967741935484,0.5344999999999996,1,0.8820414058738565,1.917438,77.32795698924731,4.758351245840856,1.0549998852152025,68.0,88.0,stressed,drive05,27435
77,0.7767402376910016,5,9.532258064516128,0.7362500000000007,1,9,5.580645161290322,0.48837500000000134,1,0.6766862170087976,1.281858,77.22365591397849,13.186155968095408,3.957932721970768,6.0,151.0,stressed,drive05,33480
72,0.8278055429350295,6,9.380645161290323,0.9556000000000004,1,10,5.225806451612903,0.5206666666666662,1,0.7591118558860495,0.800902,73.0505376344086,11.524103992468518,3.2810576152017523,60.0,151.0,stressed,drive05,33945
71,0.8377880184331796,3,21.935483870967744,3.1195000000000026,1,6,8.748387096774191,1.4465999999999997,1,0.9203629032258065,0.616782,70.76129032258065,4.024255284289524,1.0802064946315282,60.0,80.0,stressed,drive05,34410
75,0.8020924149956408,4,8.75268817204301,0.260999999999999,1,8,6.709677419354838,0.41071428571428525,1,1.0005467468562055,0.758371,74.27849462365592,5.678943364204477,1.5304586084591356,68.0,99.0,stressed,drive05,34875
78,0.7708420611646418,5,12.241935483870968,0.9724999999999971,1,9,6.153225806451613,0.6967499999999989,1,0.9698572184029614,1.340662,77.98279569892473,9.258400703248752,2.9886761526330594,58.0,126.0,stressed,drive05,35340
79,0.7526881720430106,6,8.129032258064516,0.5397999999999987,1,11,4.75483870967742,0.6025999999999996,1,0.9881720430107525,2.209203,78.53118279569892,8.59804902219632,2.7798676506275224,58.0,126.0,stressed,drive05,35805
80,0.7554103715802367,5,10.70967741935484,1.0114999999999983,1,11,5.083870967741936,0.5933000000000025,1,1.0587557603686635,2.92062,77.49569892473119,5.926111600792934,1.2027954522246738,59.0,90.0,stressed,drive05,36270
79,0.7626137303556658,4,14.258064516129032,1.036333333333334,1,10,5.799283154121863,0.6595555555555526,1,0.9497620306716021,3.049897,76.89032258064516,5.664149937951647,1.560064032248275,59.0,94.0,stressed,drive05,36735
78,0.7674905739421868,5,9.612903225806452,0.6437499999999997,1,8,7.852534562211981,0.839428571428565,1,0.7918692001767565,2.655243,76.16451612903226,5.778327048164227,1.7139332766013822,54.0,94.0,stressed,drive05,37200
74,0.8042421564295184,4,15.95698924731183,0.9753333333333339,1,8,6.728110599078341,0.64528571428571,1,0.8396446937821411,2.326764,73.81935483870967,5.756123584805303,1.4031335069482074,54.0,89.0,stressed,drive05,37665
76,0.7931182795698923,5,12.870967741935484,0.8162499999999983,1,8,6.663594470046083,0.5915714285714238,1,0.7641390867197319,3.694516,73.72688172043011,6.035791807994276,1.903766591151473,65.0,111.0,stressed,drive05,38130
79,0.761786600496278,5,13.08064516129032,0.6085000000000008,1,7,7.010752688172043,0.6516666666666658,1,0.676669167291823,4.071903,76.21290322580646,6.129941075800427,1.8715477727437262,65.0,111.0,stressed,drive05,38595
77,0.7792869269949066,6,7.225806451612904,1.227800000000002,1,9,7.080645161290322,1.1419999999999992,1,0.712009327633113,2.613522,74.94408602150537,5.933239017595038,1.3559262739101527,52.0,88.0,stressed,drive05,39060
76,0.7819354838709679,6,10.812903225806451,1.3844000000000014,1,9,6.725806451612904,0.6983749999999984,1,0.8024745912505523,1.429296,74.75913978494624,6.08771434338839,1.4705578417678544,52.0,88.0,stressed,drive05,39525
76,0.7913978494623656,5,8.306451612903226,0.3037499999999997,1,9,7.088709677419355,0.3382500000000016,1,0.8086610693769333,1.166338,75.54516129032258,4.16392639686409,1.2332843598147254,68.0,88.0,stressed,drive05,39990
80,0.7545937117190692,8,6.341013824884793,0.19957142857143056,1,11,4.851612903225806,0.2358000000000005,1,0.8024745912505524,1.644873,79.22258064516129,7.016947671929237,1.9206542659918133,70.0,118.0,stressed,drive05,40455
83,0.7206923682140047,9,5.983870967741936,0.34437499999999976,1,13,4.446236559139785,0.23099999999999765,1,0.8914956011730205,2.604407,82.34731182795699,7.025668626931639,2.0638359260893315,70.0,118.0,stressed,drive05,40920
78,0.7683284457478007,8,6.304147465437788,0.38757142857142907,1,12,5.043988269794721,0.2726363636363629,1,0.8836754643206255,2.892245,77.64193548387097,7.928020574670376,1.4206685913687311,66.0,97.0,stressed,drive05,41385
72,0.8368923216719674,5,12.516129032258064,0.4122500000000037,1,9,6.274193548387096,0.3283749999999993,1,1.0071077091306726,2.036213,71.74086021505376,6.332927036641738,1.1879372176819485,65.0,93.0,stressed,drive05,41850
72,0.8350749659245797,4,14.0,0.11933333333333258,1,8,5.539170506912442,0.37871428571428545,1,0.8656716417910447,1.616302,70.37204301075269,3.6669510815811566,1.209043782333613,65.0,80.0,stressed,drive05,42315
75,0.7959895379250218,3,15.129032258064516,0.2749999999999977,1,7,8.354838709677418,0.18416666666666706,1,0.8077772867874502,1.602577,72.98709677419355,4.193421007163832,1.3598898201427494,65.0,88.0,stressed,drive05,42780
75,0.7986050566695728,3,16.903225806451616,0.22349999999999887,1,7,9.161290322580646,0.32916666666666633,1,0.90625,1.330532,73.49032258064516,4.344123815442962,1.3107159564994142,66.0,88.0,stressed,drive05,43245
73,0.8234767025089607,2,24.193548387096776,0.1200000000000026,1,6,10.387096774193548,0.43539999999999807,1,0.95525494276795,1.666651,72.16344086021505,3.771876260705324,1.1412606102065566,66.0,80.0,stressed,drive05,43710
72,0.8305315765561108,1,60.0,0.0,0,4,13.39784946236559,0.1950000000000032,1,0.8962779156327543,1.88166,71.98709677419355,3.7315633037052294,1.1033757770994315,66.0,81.0,stressed,drive05,44175
73,0.8136200716845878,3,17.129032258064516,1.0139999999999985,1,4,15.913978494623656,0.7359999999999965,1,0.8992555831265509,2.637583,73.16989247311828,3.9934296830668323,1.0742108526106608,66.0,83.0,stressed,drive05,44640
75,0.7959895379250219,4,14.387096774193546,0.7303333333333342,1,5,10.67741935483871,1.2097499999999999,1,0.9329237071172556,2.372996,73.70430107526882,4.836652489811847,1.163677034713448,64.0,90.0,stressed,drive05,45105
74,0.8139637649138313,5,13.758064516129032,0.9007499999999982,1,5,13.322580645161292,1.478250000000002,1,0.825268817204301,1.237312,72.38709677419355,4.6006831144588745,1.1585782460441219,64.0,90.0,stressed,drive05,45570
73,0.8234767025089607,3,8.225806451612904,0.021000000000000144,1,7,6.70967741935484,0.13316666666666785,1,0.7758913412563667,1.01447,72.5741935483871,4.297458694549166,1.201452296638512,64.0,87.0,stressed,drive05,46035
73,0.8270609318996416,3,22.612903225806452,0.2754999999999998,1,8,7.889400921658987,0.1402857142857135,1,0.7222659323367427,0.741462,72.11290322580645,4.848139556848356,1.2685650420365868,64.0,87.0,stressed,drive05,46500
71,0.8433179723502303,3,17.419354838709676,0.4400000000000067,1,8,6.15668202764977,0.23114285714285712,1,0.7311827956989247,1.198928,70.8010752688172,3.302686903005013,1.024983919115632,65.0,80.0,stressed,drive05,46965
73,0.8252688172043011,1,60.0,0.0,0,8,7.235023041474655,0.18171428571428616,1,0.8762638420799231,1.238922,71.3247311827957,4.0042895256408055,1.1183949748181994,65.0,84.0,stressed,drive05,47430
74,0.8104286345558993,2,17.612903225806452,0.44299999999999884,1,6,7.703225806451613,0.4506000000000007,1,0.9751454257006876,0.904369,71.52688172043011,4.204174571151824,1.1308379205630765,65.0,84.0,stressed,drive05,47895
79,0.7626137303556662,5,11.20967741935484,0.7289999999999981,1,8,7.170506912442398,0.48457142857143015,1,0.9091811414392059,2.236642,76.45376344086021,6.998810331161051,1.0286530116123933,67.0,94.0,stressed,drive05,48360
81,0.7419354838709677,5,11.129032258064516,1.0067499999999925,1,9,6.217741935483871,0.4539999999999994,1,0.7827956989247312,2.43471,80.34516129032258,6.087374844780561,1.3033037427460104,67.0,94.0,stressed,drive05,48825
80,0.7456104532462231,3,13.096774193548388,0.5979999999999863,1,7,8.258064516129032,0.6271666666666641,1,0.907258064516129,1.334004,80.58709677419355,6.172558518803537,1.3915785462476595,70.0,94.0,stressed,drive05,49290
75,0.7959895379250218,3,26.870967741935488,0.5905000000000045,1,6,11.019354838709678,0.5393999999999999,1,1.3993855606758832,0.950013,74.8989247311828,9.093096691773793,1.1892956368995606,59.0,94.0,stressed,drive05,49755
74,0.8068935041979673,4,9.784946236559138,0.4050000000000071,1,7,8.225806451612904,0.1888333333333355,1,1.357910906298003,1.607852,73.87741935483871,8.321757065193536,1.1715133322421465,59.0,90.0,stressed,drive05,50220
78,0.7758692919983243,3,24.677419354838708,0.13400000000000448,1,8,7.511520737327189,0.32399999999999846,1,0.9827956989247312,1.579116,76.78924731182796,6.752673104565067,1.357909493156254,60.0,90.0,stressed,drive05,50685
74,0.8033583738400354,2,21.29032258064516,0.280999999999995,1,7,5.010752688172043,0.4568333333333312,1,0.8368121442125236,0.79381,74.25698924731182,4.9214889313052055,1.4081112100126134,60.0,88.0,stressed,drive05,51150
75,0.7968613775065388,2,25.35483870967742,0.1370000000000024,1,4,15.032258064516128,0.42200000000000043,1,1.0709677419354837,1.75465,74.87096774193549,3.559708235149269,1.2315374972384776,68.0,85.0,stressed,drive05,51615
75,0.7959895379250218,1,60.0,0.0,0,4,16.236559139784944,0.34266666666666473,1,1.4706368899917286,2.243376,74.91290322580645,3.6573604033055056,1.1067850239967019,67.0,84.0,stressed,drive05,52080
76,0.7913978494623657,2,6.32258064516129,0.32899999999999285,1,4,17.741935483870968,1.319333333333329,1,1.0413129598189022,2.246813,74.98494623655914,3.530175487933159,1.104838171083972,67.0,84.0,stressed,drive05,52545
78,0.7591118558860496,5,8.03225806451613,0.3592499999999991,1,6,6.606451612903226,0.3842000000000003,1,0.792258064516129,2.650814,78.53225806451613,5.7794158519106995,1.3826543480878832,68.0,96.0,stressed,drive05,53010
80,0.7562270314414047,5,10.354838709677418,0.6025000000000011,1,8,5.907834101382489,0.3775714285714312,1,0.8639551192145863,3.480792,79.19569892473119,5.412886137677497,1.513839990805182,70.0,96.0,stressed,drive05,53475
77,0.7750424448217319,3,10.612903225806452,1.1665,1,6,9.303225806451612,0.6510000000000002,1,0.8541165142031777,3.976804,76.87204301075269,3.9019946812846538,1.4195316015176316,70.0,86.0,stressed,drive05,53940
77,0.7792869269949066,2,41.16129032258065,1.5069999999999957,1,5,12.387096774193548,0.3152499999999998,1,0.8772267693789119,3.897447,77.06129032258065,6.163673186685998,1.5248215410236898,66.0,94.0,stressed,drive05,54405
77,0.7775891341256367,4,8.623655913978494,0.23366666666666913,1,6,6.709677419354838,0.2754000000000013,1,0.9573361082206036,2.981036,77.15698924731183,6.356867387194655,1.3359321640861215,66.0,94.0,stressed,drive05,54870
79,0.7551695616211745,4,16.301075268817204,0.3706666666666707,1,7,9.247311827956988,0.4031666666666663,1,0.9786768726079826,1.440097,76.87741935483871,4.4223316244018305,1.0717027687481817,70.0,90.0,stressed,drive05,55335
80,0.744793793385055,2,14.129032258064516,0.29099999999999887,1,6,5.058064516129033,0.11599999999999919,1,1.0146627565982402,1.521692,77.08494623655913,4.594560744834015,1.1346390671494746,68.0,89.0,stressed,drive05,55800
78,0.7716799329702555,3,27.29032258064516,0.2930000000000016,1,4,17.956989247311828,0.0703333333333283,1,1.2888888888888888,2.044716,76.23118279569893,4.637539171665968,1.1562531819989381,68.0,89.0,stressed,drive05,56265
76,0.7931182795698926,4,11.892473118279568,0.8719999999999989,1,4,11.978494623655914,0.2530000000000016,1,1.1150334753499695,2.522334,75.18064516129033,3.3715526580052693,1.1313137623348457,68.0,83.0,stressed,drive05,56730
75,0.796861377506539,4,11.333333333333334,0.9143333333333307,1,5,7.838709677419354,0.27375000000000393,1,0.895405669599218,2.67643,75.03978494623657,3.876525430861698,1.2289125475458407,67.0,83.0,stressed,drive05,57195
77,0.7809847198641766,3,23.548387096774196,0.6489999999999985,1,6,10.95483870967742,0.1668000000000015,1,0.9571655208884188,2.365111,74.28709677419354,4.661942135473769,1.232411238034616,66.0,87.0,stressed,drive05,57660
76,0.7888172043010753,1,60.0,0.0,0,2,10.774193548387096,0.0840000000000051,1,1.2505147563486618,2.035027,73.2247311827957,5.820434080438207,1.3057791556938578,54.0,87.0,stressed,drive05,58125
78,0.7700041893590279,5,5.85483870967742,2.5992500000000045,1,5,6.354838709677419,1.5632499999999976,1,0.9709677419354839,2.601934,79.21290322580646,17.83664963119205,2.3425672024415416,54.0,132.0,stressed,drive05,58590
88,0.6792732665925104,8,6.47004608294931,2.5940000000000003,1,7,8.064516129032258,1.7488333333333312,1,0.7968613775065387,2.503666,90.98817204301075,17.643326128415442,2.258818384721552,54.0,132.0,stressed,drive05,59055
85,0.7043010752688171,4,13.397849462365592,2.0170000000000035,1,4,18.666666666666668,1.8430000000000024,1,1.207373271889401,1.224367,85.23118279569893,12.817716892759405,1.2770222359744972,63.0,111.0,stressed,drive05,59520
79,0.7642679900744418,9,5.42741935483871,1.1007500000000041,1,7,7.032258064516128,0.9143333333333352,1,0.967741935483871,2.750603,77.54623655913979,6.967089442434228,2.1681221133472532,63.0,104.0,stressed,drive05,59985
82,0.7327757865392276,9,6.564516129032258,0.7748750000000026,1,7,8.741935483870968,0.7513333333333346,1,0.6927803379416282,3.053749,78.83978494623656,10.185754756214774,3.3016615186354765,47.0,104.0,stressed,drive05,60450
81,0.7459677419354839,7,8.344086021505376,0.5651666666666648,1,7,8.333333333333334,0.32833333333333764,1,0.6894223555888972,2.063261,75.4236559139785,9.537536458019776,2.8436093439824095,47.0,96.0,stressed,drive05,60915
78,0.7725178047758694,9,7.266129032258065,0.7201249999999977,1,7,8.913978494623656,0.2543333333333376,1,0.6300617707618394,2.164397,73.81935483870967,4.731460891142615,1.1843071489421662,61.0,85.0,stressed,drive05,61380
80,0.745610453246223,10,5.978494623655914,0.3752222222222221,1,5,13.483870967741934,0.17475000000000038,1,0.6640086988039144,4.756166,79.41935483870968,10.671661378295989,2.6829205043614985,60.0,118.0,stressed,drive05,61845
76,0.7870967741935484,2,12.96774193548387,0.7079999999999913,1,2,11.67741935483871,0.4449999999999964,1,1.820564516129032,1.786528,75.76129032258065,11.20325444516122,1.8116356370357218,57.0,101.0,no,drive05,62775
69,0.8681214421252372,0,60.0,0.0,0,0,60.0,0.0,0,2.92831541218638,0.263659,68.64193548387097,8.07596756852581,1.3563231497488613,57.0,91.0,no,drive05,63240
65,0.9294354838709677,0,60.0,0.0,0,0,60.0,0.0,0,3.092979127134725,0.18932,64.29569892473118,6.218744021076625,1.4558445368214614,55.0,78.0,no,drive05,63705
63,0.9479708636836627,0,60.0,0.0,0,0,60.0,0.0,0,2.4926686217008793,0.186905,62.784946236559136,5.912351682407291,1.3431643309015628,55.0,75.0,no,drive05,64170
66,0.9111662531017369,0,60.0,0.0,0,0,60.0,0.0,0,2.4600280504908834,0.186155,64.33118279569892,6.419727299581684,1.2719546674295017,55.0,80.0,no,drive05,64635
69,0.8757115749525617,0,60.0,0.0,0,0,60.0,0.0,0,2.1191066997518613,0.185889,67.50645161290322,7.396923313494821,1.4995514219822537,57.0,84.0,no,drive05,65100
68,0.8781896966779009,0,60.0,0.0,0,0,60.0,0.0,0,2.2967741935483867,0.184769,68.61290322580645,7.913147162974591,1.8631893902614347,59.0,85.0,no,drive05,65565
66,0.9101736972704714,0,60.0,0.0,0,0,60.0,0.0,0,2.3674614305750348,0.181238,66.0010752688172,8.02020291250636,1.7886136695743324,46.0,85.0,no,drive05,66030
65,0.9173387096774194,0,60.0,0.0,0,0,60.0,0.0,0,2.4011220196353436,0.182135,64.94623655913979,6.839269267698325,1.2925221711719055,46.0,78.0,no,drive05,66495
66,0.9042183622828786,0,60.0,0.0,0,0,60.0,0.0,0,2.7557603686635948,0.184742,64.95161290322581,7.408860038896843,1.4565837318611303,48.0,79.0,no,drive05,66960
66,0.9101736972704715,0,60.0,0.0,0,0,60.0,0.0,0,2.4486803519061584,0.186164,64.42043010752688,7.442872886477024,1.543764149819883,48.0,81.0,no,drive05,67425
65,0.9213709677419355,0,60.0,0.0,0,0,60.0,0.0,0,2.2116129032258063,0.186278,65.052688172043,5.9838868117538455,1.2921056987360344,56.0,81.0,no,drive05,67890
67,0.9032258064516131,0,60.0,0.0,0,0,60.0,0.0,0,2.166253101736973,0.188457,65.90860215053763,5.5059333765577065,1.217030213415421,58.0,84.0,no,drive05,68355
68,0.8791526239768898,0,60.0,0.0,0,0,60.0,0.0,0,2.3387096774193545,0.188555,67.86989247311828,4.641706326648269,1.170134269571956,60.0,84.0,no,drive05,68820
68,0.8810784785748675,0,60.0,0.0,0,0,60.0,0.0,0,2.6422287390029324,0.186723,67.61505376344086,4.508795376793858,1.1019114423107563,59.0,80.0,no,drive05,69285
66,0.9171215880893301,0,60.0,0.0,0,0,60.0,0.0,0,2.35752688172043,0.186531,65.16344086021505,4.708851992281363,1.1159861954229524,57.0,80.0,no,drive05,69750
65,0.9334677419354839,0,60.0,0.0,0,0,60.0,0.0,0,2.224516129032258,0.183934,63.64408602150537,3.4593169306972875,1.138427521988219,57.0,72.0,no,drive05,70215
67,0.8905180840664713,0,60.0,0.0,0,0,60.0,0.0,0,1.986651835372636,1.288447,66.37096774193549,6.937587827907273,1.2183561955193511,57.0,88.0,no,drive05,70680
71,0.8414746543778803,0,60.0,0.0,0,0,60.0,0.0,0,2.0593548387096776,1.290083,70.8021505376344,8.12017239202858,1.368175893110494,58.0,88.0,no,drive05,71145
71,0.847926267281106,0,60.0,0.0,0,0,60.0,0.0,0,3.2599620493358636,0.208089,70.41827956989248,6.812408764097505,1.424074114252774,60.0,87.0,no,drive05,71610
68,0.8868560423688013,0,60.0,0.0,0,0,60.0,0.0,0,2.8451612903225807,0.20905,66.38924731182796,5.537661133665546,1.337945020680533,58.0,77.0,no,drive05,72075
64,0.9349718381976448,0,60.0,0.0,0,0,60.0,0.0,0,2.2655086848635233,0.229209,64.14301075268817,4.068496799087527,1.0671733636852596,58.0,75.0,no,drive05,72540
65,0.9233870967741936,0,60.0,0.0,0,0,60.0,0.0,0,2.541374474053296,0.235133,64.29569892473118,3.586666286280148,1.039064744659958,57.0,73.0,no,drive05,73005
64,0.9349718381976446,0,60.0,0.0,0,0,60.0,0.0,0,2.422043010752688,0.213189,64.05591397849463,4.587159787638914,1.2045839966360008,55.0,75.0,no,drive05,73470
62,0.9709148598625066,0,60.0,0.0,0,0,60.0,0.0,0,2.0345622119815667,0.201653,61.71827956989247,4.767067722880476,1.0906195590603314,54.0,75.0,no,drive05,73935
63,0.9562955254942767,0,60.0,0.0,0,0,60.0,0.0,0,2.312258064516129,0.195986,60.543010752688176,4.369097193952883,1.1341646205190097,54.0,73.0,no,drive05,74400
64,0.9400921658986175,0,60.0,0.0,0,0,60.0,0.0,0,2.248138957816377,0.19135,61.53978494623656,4.184074769191151,1.1198377554329035,55.0,73.0,no,drive05,74865
62,0.9709148598625066,0,60.0,0.0,0,0,60.0,0.0,0,1.957730812013348,0.208295,61.30537634408602,4.169947927562188,1.0960345393817483,53.0,76.0,no,drive05,75330
62,0.9751454257006875,0,60.0,0.0,0,0,60.0,0.0,0,2.1146953405017923,0.206595,61.55483870967742,5.018643010033437,1.368962427175523,52.0,76.0,no,drive05,75795
62,0.9550502379693284,0,60.0,0.0,0,0,60.0,0.0,0,2.3440860215053765,0.186102,62.623655913978496,4.6543169428161475,1.312767477486466,52.0,72.0,no,drive05,76260
80,0.7496937525520619,8,5.649769585253456,1.3844285714285662,1,7,5.666666666666667,0.7136666666666681,1,3.346774193548387,0.170167,80.0752688172043,6.88513524146975,1.7111047426321808,67.0,99.0,no,drive06,0
77,0.7792869269949068,6,10.96774193548387,0.5840000000000016,1,3,23.70967741935484,1.170500000000008,1,3.669354838709677,0.172174,76.83763440860216,5.807344515176952,1.6671330527932746,67.0,94.0,no,drive06,465
79,0.7576509511993385,5,10.629032258064516,0.28374999999999906,1,3,12.806451612903226,0.14600000000000024,1,3.3548387096774195,0.17027,79.26236559139785,7.703230909624097,2.166880561328048,68.0,128.0,no,drive06,930
79,0.7584780810587263,5,11.725806451612902,0.4944999999999934,1,1,60.0,0.0,0,3.564516129032258,0.164527,78.89784946236558,8.178472640415604,2.2210946786623813,63.0,128.0,no,drive06,1395
79,0.761786600496278,6,5.974193548387097,0.4169999999999943,1,2,11.096774193548388,0.594000000000001,1,3.7161290322580647,0.163066,78.3989247311828,7.124922102930616,1.5482897957783994,63.0,94.0,no,drive06,1860
82,0.7279968140183194,10,5.96415770609319,1.2314444444444455,1,3,19.935483870967744,1.2799999999999936,1,3.3951612903225805,0.169948,81.89677419354838,7.268438941611615,1.6841565270930934,63.0,95.0,no,drive06,2325
79,0.7593052109181141,8,5.36405529953917,1.3132857142857117,1,4,7.827956989247311,0.6233333333333264,1,3.268817204301075,0.176017,78.9483870967742,8.015141757857013,1.7865060523643779,62.0,95.0,no,drive06,2790
75,0.796861377506539,4,17.483870967741936,1.3629999999999949,1,2,6.387096774193548,0.0869999999999942,1,3.2867383512544803,0.183171,75.05483870967743,5.656113185910877,1.5120613037959239,62.0,86.0,no,drive06,3255
82,0.7327757865392276,6,8.141935483870968,0.9146000000000019,1,2,8.64516129032258,2.126000000000017,1,3.3092979127134727,0.203522,80.26129032258065,7.316758378802549,1.2921056987360344,67.0,96.0,no,drive06,3720
85,0.7066052227342552,11,5.238709677419355,1.0742000000000005,1,5,11.419354838709676,0.9597500000000105,1,3.129032258064516,0.212387,84.27956989247312,8.7005939624188,2.6686393851403936,58.0,128.0,no,drive06,4185
82,0.7295898048586222,9,5.0,0.7808749999999997,1,4,12.27956989247312,0.7393333333333354,1,2.957555178268251,0.245361,82.60860215053764,9.30484503131404,2.7162153115953642,58.0,128.0,no,drive06,4650
80,0.7554103715802367,7,8.666666666666666,0.5888333333333206,1,4,11.655913978494624,0.5816666666666661,1,2.8794567062818333,0.265651,79.25483870967741,7.716105432049354,1.875282540606725,59.0,99.0,no,drive06,5115
81,0.7435483870967743,9,6.056451612903226,0.6083749999999958,1,4,12.408602150537634,0.5226666666666682,1,2.7838709677419353,1.160531,82.17096774193548,11.50744574897601,2.490023149541578,59.0,120.0,no,drive06,5580
83,0.7191188040912668,6,9.212903225806452,1.3480000000000056,1,2,34.96774193548387,0.6219999999999999,1,3.096774193548387,1.24288,85.37204301075269,10.347784195739246,2.330127481417174,63.0,120.0,no,drive06,6045
81,0.7346774193548389,7,6.946236559139785,0.8921666666666738,1,3,17.967741935483872,0.6624999999999953,1,3.3738140417457303,0.676898,81.46021505376343,5.950786336129706,1.665518082877463,65.0,95.0,no,drive06,6510
80,0.7513270722743979,8,6.202764976958525,0.7251428571428641,1,4,9.483870967741936,0.5026666666666645,1,2.821731748726655,0.833779,79.75806451612904,7.176167584451936,2.490455407708109,64.0,118.0,no,drive06,6975
82,0.7319792911190762,8,6.9308755760368665,0.9997142857142859,1,4,15.354838709677418,0.7609999999999987,1,3.075268817204301,0.838245,81.85161290322581,7.895794619122282,2.5737768422270992,64.0,118.0,no,drive06,7440
86,0.6990512333965846,11,4.948387096774194,0.9939999999999977,1,6,9.35483870967742,0.5853999999999985,1,3.596774193548387,0.648682,86.63440860215054,8.330517734541916,2.6247148596991465,72.0,126.0,no,drive06,7905
85,0.7035330261136714,9,5.669354838709678,0.8104999999999962,1,5,11.322580645161292,0.5352499999999963,1,3.588709677419355,0.620576,86.11075268817204,8.266371340097495,2.4809283307123815,72.0,126.0,no,drive06,8370
84,0.720559657986786,6,8.348387096774193,0.38159999999999855,1,3,20.903225806451616,0.25199999999999945,1,3.5483870967741935,0.609947,82.03118279569892,5.687762348804511,1.5775606245782097,67.0,93.0,no,drive06,8835
83,0.7238394964594808,6,8.72258064516129,0.3712000000000055,1,3,13.967741935483872,0.10550000000000337,1,3.294354838709677,0.605834,82.45806451612903,6.783983708970681,2.072164175515694,67.0,104.0,no,drive06,9300
83,0.7199055861526359,6,9.509677419354839,0.5897999999999949,1,3,22.612903225806452,0.2405000000000094,1,3.5,0.624969,83.39569892473118,6.7047072852080145,2.199177848140134,59.0,104.0,no,drive06,9765
83,0.7238394964594809,4,10.38709677419355,0.6196666666666543,1,2,22.0,0.42400000000001065,1,3.9769585253456223,0.633088,82.85591397849463,6.471334016227995,1.8408122885272988,59.0,97.0,no,drive06,10230
83,0.7167584579071599,3,21.451612903225808,1.7005000000000003,1,1,60.0,0.0,0,4.078341013824884,0.639983,83.47849462365592,7.098998103812121,1.731429221039774,60.0,97.0,no,drive06,10695
86,0.7013282732447819,6,9.058064516129033,1.2772000000000099,1,2,7.096774193548387,0.1489999999999906,1,3.8064516129032255,0.647903,84.50537634408602,8.420690922427523,2.327816534224193,60.0,124.0,no,drive06,11160
83,0.7261998426435878,7,9.000000000000002,0.8116666666666732,1,2,42.645161290322584,0.5620000000000045,1,3.83410138248848,0.656321,82.16129032258064,8.690360897489587,2.3076136444322435,55.0,124.0,no,drive06,11625
81,0.7419354838709677,7,8.365591397849462,1.590333333333333,1,2,25.35483870967742,0.4490000000000063,1,3.20303605313093,0.586287,80.91290322580645,8.777411451352481,1.859140859718694,55.0,101.0,no,drive06,12090
85,0.7058371735791092,9,5.798387096774194,1.3822499999999978,1,4,8.172043010752688,1.3303333333333294,1,2.2704714640198516,0.641812,84.59032258064516,10.907771369075709,1.9195330433241693,59.0,107.0,no,drive06,12555
85,0.7066052227342552,10,6.200716845878137,0.7086666666666593,1,6,10.632258064516128,0.5415999999999985,1,2.15136476426799,0.554025,84.93333333333334,9.462538854718693,1.78198133580645,59.0,107.0,no,drive06,13020
104,0.5718759787034138,16,3.741935483870967,1.6721333333333301,1,14,4.1439205955334995,0.8673846153846145,1,1.0992087644552648,6.383893,106.93333333333334,15.821105634959423,1.3904177687236117,60.0,130.0,stressed,drive06,13950
113,0.5316820276497695,21,2.9161290322580644,1.038850000000004,1,13,4.413978494623656,0.7363333333333353,1,1.0799999999999998,6.227055,123.21505376344086,13.545105422664234,3.9459480382215446,100.0,212.0,stressed,drive06,14415
118,0.5067548938516679,18,3.0853889943074004,1.0070000000000008,1,14,3.71712158808933,1.0945384615384621,1,1.6021505376344087,3.534455,125.33548387096774,12.140810456032568,4.173188294123946,107.0,212.0,stressed,drive06,14880
120,0.49932230956898876,17,3.3548387096774195,0.8419999999999971,1,16,3.6731182795698922,0.9000000000000002,1,1.903225806451613,2.052658,121.56881720430107,4.5611844927977225,1.9739967270943275,103.0,143.0,stressed,drive06,15345
116,0.5166900420757363,15,3.8617511520737327,0.7655714285714271,1,12,5.2434017595307925,0.9982727272727291,1,2.1433691756272397,1.006704,116.84838709677419,5.787790502766969,1.4413544640599902,103.0,132.0,stressed,drive06,15810
115,0.5195246179966043,12,4.997067448680351,0.9963636363636378,1,14,3.90074441687345,0.7131538461538448,1,1.8306451612903225,0.791541,115.61290322580645,4.566432592850064,0.9721637004615817,103.0,126.0,stressed,drive06,16275
112,0.5329845975007265,13,4.483870967741935,0.8312499999999979,1,14,4.138957816377172,0.6409230769230747,1,1.6736242884250474,0.767767,112.42150537634409,7.5858363983725825,1.318086488584338,93.0,126.0,stressed,drive06,16740
104,0.5750078296273098,16,3.5440860215053767,0.5427333333333242,1,13,3.4677419354838714,0.5551666666666669,1,1.842741935483871,1.316897,104.12795698924731,6.324366015936017,1.316860931379691,93.0,126.0,stressed,drive06,17205
100,0.6008471814923428,18,3.381404174573055,0.6002941176470591,1,22,2.71889400921659,0.44642857142857345,1,1.5004135649296941,1.262772,99.73118279569893,7.717094256407956,2.1260089101174566,71.0,114.0,stressed,drive06,17670
97,0.6196236559139786,15,3.6267281105990783,0.581500000000006,1,22,2.528417818740399,0.4673333333333344,1,1.3017921146953404,0.755577,96.8021505376344,7.7754504553620585,2.276145780148219,71.0,114.0,stressed,drive06,18135
97,0.6182795698924732,13,4.231182795698925,0.5550833333333342,1,17,3.205645161290322,0.6976250000000009,1,1.664516129032258,0.762301,96.9763440860215,7.833583585791582,1.7339142301708022,75.0,126.0,stressed,drive06,18600
105,0.5700992555831265,16,3.8021505376344087,0.5083999999999956,1,22,2.737327188940092,0.6583809523809521,1,1.7701612903225805,0.756306,104.69354838709677,10.030794589518871,1.8875833588191147,81.0,128.0,stressed,drive06,19065
108,0.5571299366897801,14,3.736972704714641,0.5165384615384545,1,21,2.6322580645161286,0.6025999999999982,1,1.5832606800348734,0.933804,107.45698924731182,6.076995187200721,1.3451663655958126,93.0,128.0,stressed,drive06,19530
103,0.5812776723592663,11,5.348387096774194,0.5131000000000004,1,20,2.8794567062818337,0.5314210526315762,1,1.5937227550130777,0.828011,102.03225806451613,6.072415354245622,1.43761553567623,72.0,116.0,stressed,drive06,19995
93,0.6423562412342217,9,7.07258064516129,0.5243750000000033,1,15,3.0184331797235022,0.6663571428571421,1,1.7614858260019548,0.610034,92.53763440860214,11.036653633970552,2.035476527307184,68.0,109.0,stressed,drive06,20460
85,0.7012288786482335,6,8.180645161290323,0.9585999999999952,1,8,6.857142857142857,1.2744285714285744,1,1.6280834914611007,0.927696,86.38709677419355,9.926430730889674,2.673072678725387,65.0,130.0,stressed,drive06,20925
95,0.6280027453671928,10,5.620071684587813,0.8647777777777743,1,12,4.598240469208211,0.8450909090909093,1,1.435483870967742,1.226935,94.33655913978495,10.565904639388576,2.283699904313212,65.0,130.0,stressed,drive06,21390
101,0.590967741935484,10,6.100358422939069,0.7597777777777703,1,13,4.553763440860215,0.6986666666666665,1,1.6774193548387097,0.991426,101.01505376344086,4.793340950759477,0.8561812228315839,90.0,109.0,stressed,drive06,21855
106,0.5683563748079877,9,7.056451612903225,0.7623749999999945,1,14,3.9999999999999996,0.7136153846153845,1,1.6982922201138517,1.305347,104.65376344086022,5.974903771930116,0.8116482452750865,91.0,116.0,stressed,drive06,22320
108,0.555924027735906,11,4.67741935483871,0.643999999999999,1,18,3.2561669829222013,0.627470588235294,1,1.5534804753820033,1.309042,107.36989247311828,5.10857985750257,1.29543372922915,94.0,124.0,stressed,drive06,22785
104,0.5762605699968684,10,5.85663082437276,0.5803333333333383,1,17,3.298387096774194,0.7242500000000003,1,1.5832606800348736,1.127259,104.03548387096774,6.050844518703551,1.3598898201427494,89.0,124.0,stressed,drive06,23250
97,0.6155913978494625,9,6.89516129032258,0.44812500000000377,1,14,4.287841191066998,0.8118461538461546,1,1.5297113752122244,2.812454,97.7752688172043,8.436991716768043,1.8478160384487228,72.0,111.0,stressed,drive06,23715
99,0.6056616194865043,10,5.455197132616487,0.6180000000000017,1,14,4.173697270471464,0.6280000000000018,1,1.2991202346041055,2.771916,99.06666666666666,8.979059669297385,1.8411046433752514,72.0,116.0,stressed,drive06,24180
107,0.5623858794887402,11,5.851612903225806,0.6744999999999952,1,22,2.688172043010753,0.5408571428571444,1,1.13151364764268,1.636002,105.8763440860215,5.003953229659083,0.8797445563297446,93.0,116.0,stressed,drive06,24645
108,0.5583358456436539,12,4.891495601173021,0.4788181818181792,1,23,2.5659824046920825,0.47295454545454535,1,1.1797235023041477,2.346167,106.67311827956989,4.775455611545134,0.8779072875864606,89.0,116.0,stressed,drive06,25110
100,0.5962854349951126,11,5.24516129032258,0.849299999999996,1,14,4.049627791563275,0.9756923076923075,1,1.371342835708927,2.442886,100.48602150537634,8.449617811524249,1.4676269811728466,80.0,114.0,stressed,drive06,25575
98,0.6139008979048887,11,5.251612903225807,0.6670000000000008,1,16,3.436559139784946,0.6624666666666683,1,1.3963133640552994,3.234031,97.95268817204301,7.220186626692464,1.7973188978774424,80.0,114.0,stressed,drive06,26040
105,0.5732009925558313,15,3.7557603686635943,0.26092857142857107,1,16,3.5870967741935487,0.35866666666666497,1,1.139784946236559,6.024509,106.36559139784946,16.6692589035081,3.5893935369922185,77.0,181.0,stressed,drive06,26505
107,0.5599513085818625,18,3.3017077798861485,0.16264705882352817,1,15,4.15668202764977,0.2617857142857137,1,1.2762973352033662,5.418433,108.73225806451613,15.617963611632053,3.4211084135378935,77.0,181.0,stressed,drive06,26970
101,0.590967741935484,13,4.672043010752687,0.17958333333333196,1,11,5.006451612903225,0.2684999999999987,1,1.7134724857685006,1.082945,101.0720430107527,5.6638993671463504,0.8254561318561666,88.0,112.0,stressed,drive06,27435
94,0.636836628511967,8,7.622119815668201,0.19971428571428734,1,7,7.494623655913979,0.26166666666666655,1,1.5309503051438533,0.224839,94.0010752688172,4.778198576816989,1.0270821483721952,85.0,104.0,stressed,drive06,27900
91,0.6580645161290324,5,13.032258064516128,0.22074999999999745,1,6,9.93548387096774,0.2516000000000014,1,1.5884917175239752,0.220827,90.90430107526882,4.063803345363035,1.1155038153721373,80.0,101.0,stressed,drive06,28365
93,0.6416549789621319,6,10.683870967741935,0.3802000000000049,1,6,9.703225806451613,0.3128,1,1.2622720897615707,0.514996,93.03978494623657,6.601688278447786,1.2941867206976512,80.0,111.0,stressed,drive06,28830
94,0.6409989594172738,7,8.290322580645162,0.40266666666666,1,9,6.185483870967742,0.43137500000000095,1,1.056152927120669,0.543819,93.08602150537635,8.909166373006125,1.7388735945506848,66.0,111.0,stressed,drive06,29295
91,0.6616487455197134,7,7.677419354838709,0.7349999999999935,1,7,7.623655913978493,0.7666666666666679,1,1.13151364764268,1.672716,90.34516129032258,8.76651763390677,1.7311183440786473,66.0,109.0,stressed,drive06,29760
84,0.7158958414302372,8,7.152073732718894,0.5714285714285727,1,4,14.86021505376344,0.7930000000000009,1,1.120347394540943,1.71392,82.43655913978495,10.78941919915547,1.9515112412859543,57.0,107.0,stressed,drive06,30225
79,0.7601323407775022,8,6.202764976958525,0.06314285714285603,1,6,7.04516129032258,0.106199999999997,1,1.194206714944042,0.616356,77.37096774193549,6.861221569740111,1.987040900255845,57.0,88.0,stressed,drive06,30690
81,0.731451612903226,5,10.20967741935484,0.1864999999999949,1,5,12.048387096774194,0.06199999999999811,1,1.23422159887798,0.729725,81.8505376344086,6.196272269157472,1.6262777538341093,69.0,99.0,stressed,drive06,31155
82,0.7232178414974115,5,11.983870967741936,0.24474999999999458,1,4,12.688172043010752,0.2026666666666681,1,1.2137096774193548,0.748336,82.53655913978494,7.867126170463161,1.8384717760886904,60.0,99.0,stressed,drive06,31620
84,0.7120093276331133,8,7.078341013824884,0.21842857142857497,1,5,11.17741935483871,0.17024999999999985,1,1.2987377279102383,0.646133,83.91935483870968,8.160022639444085,1.707956433171038,60.0,99.0,stressed,drive06,32085
91,0.6602150537634409,10,5.96415770609319,0.19133333333332653,1,4,13.483870967741936,0.18200000000000563,1,1.4921422663358146,0.643212,89.70860215053763,6.478585998552503,1.1622886742651675,66.0,103.0,stressed,drive06,32550
97,0.6182795698924731,9,5.5,0.3058750000000049,1,7,6.279569892473117,0.3243333333333302,1,1.5832606800348734,0.842848,96.39569892473118,5.912478402124632,0.8274098769130979,82.0,109.0,stressed,drive06,33015
96,0.6207130730050937,11,4.83225806451613,1.0402000000000091,1,9,6.274193548387097,0.9031249999999984,1,1.3005865102639296,1.289072,96.41720430107527,7.714260271659638,1.4800430564242895,77.0,109.0,stressed,drive06,33480
95,0.6328071379547016,12,4.422287390029326,1.0273636363636343,1,15,3.235023041474655,0.6818571428571436,1,1.1823568136932192,2.198643,94.43333333333334,8.785396403359254,1.8431498288830233,67.0,109.0,stressed,drive06,33945
92,0.6550868486352359,12,4.645161290322581,0.5556363636363509,1,20,2.8522920203735147,0.41084210526315845,1,1.204739960500329,2.259069,90.4505376344086,9.915352749199434,1.9122290714055483,65.0,109.0,stressed,drive06,34410
96,0.6254668930390492,13,4.532258064516129,0.5285833333333233,1,18,3.2713472485768493,0.44229411764705784,1,1.2931276297335204,3.279016,94.61720430107528,11.456308997228623,1.5775606245782097,65.0,111.0,stressed,drive06,34875
108,0.552306300874284,13,4.661290322580645,0.6827499999999977,1,15,4.087557603686635,0.5282857142857164,1,1.5867480383609416,4.324276,107.81827956989247,5.758797780685646,0.8089914517465085,91.0,121.0,stressed,drive06,35340
110,0.5463154779520569,11,4.670967741935484,0.563100000000005,1,13,4.430107526881721,0.58675,1,1.359447004608295,5.956243,109.14086021505376,6.606330241520633,0.7659323170597186,95.0,121.0,stressed,drive06,35805
99,0.6076366030283082,8,7.244239631336405,0.8537142857142876,1,13,4.688172043010752,0.5445833333333302,1,1.0686217008797652,5.210818,98.73655913978494,10.344208134213167,0.9666116065137783,80.0,121.0,stressed,drive06,36270
93,0.6430575035063114,10,4.544802867383513,0.5862222222222147,1,15,3.857142857142857,0.4354285714285675,1,0.985539488320356,2.262504,92.45698924731182,5.337912641236814,1.0911129404739697,80.0,103.0,stressed,drive06,36735
98,0.6132357831725974,14,4.2133995037220835,0.42561538461537746,1,17,3.564516129032258,0.37318749999999823,1,1.1397849462365592,3.999725,97.1763440860215,4.936922506845136,0.9924364122163132,83.0,107.0,stressed,drive06,37200
99,0.6030283080974326,14,4.5310173697270475,0.8373076923076823,1,18,3.4155597722960156,0.530529411764706,1,1.0686217008797654,4.181147,98.58924731182796,7.000391116041057,1.7828871977657317,76.0,116.0,stressed,drive06,37665
103,0.5800126502213788,9,6.556451612903226,1.2301249999999846,1,17,3.600806451612903,0.5960625000000008,1,1.0244716351501668,2.729929,103.43655913978495,10.011969019346392,2.3519682342267347,76.0,120.0,stressed,drive06,38130
105,0.5719602977667495,9,7.07258064516129,0.8269999999999946,1,12,3.806451612903226,0.458181818181816,1,1.1814516129032258,1.630448,105.0,7.142632868982926,1.785602026303776,81.0,120.0,stressed,drive06,38595
102,0.586394123283296,11,5.645161290322581,0.6388000000000018,1,13,4.440860215053763,0.27483333333333454,1,1.368663594470046,1.935482,101.85591397849463,4.535486420205568,0.9009025494801584,93.0,112.0,stressed,drive06,39060
102,0.5857553497285214,13,4.338709677419355,0.5048333333333309,1,17,3.673387096774194,0.24343749999999964,1,1.5431560592850915,2.643267,101.49569892473119,6.338861435340771,1.3884809830380618,74.0,114.0,stressed,drive06,39525
94,0.6368366285119668,12,4.897360703812317,0.42209090909089897,1,13,4.85483870967742,0.24058333333333404,1,1.30752688172043,2.124335,93.64838709677419,11.94152520745418,2.466132274661046,65.0,132.0,stressed,drive06,39990
85,0.7058371735791092,9,5.306451612903226,0.2756249999999924,1,9,5.096774193548388,0.15062499999999882,1,1.1470967741935485,0.799905,84.51075268817205,9.734894141673527,2.3885265758296605,65.0,132.0,stressed,drive06,40455
79,0.7568238213399505,8,7.741935483870968,0.2609999999999958,1,6,6.490322580645161,0.23799999999999968,1,1.1283997469955724,0.508337,79.07849462365591,6.4308789590113555,1.8373004017894028,60.0,90.0,stressed,drive06,40920
83,0.7269866247049569,10,6.236559139784947,0.2605555555555548,1,5,13.983870967741936,0.2839999999999969,1,1.1339950372208436,0.515419,82.0752688172043,8.385005253413997,2.0882056409051977,60.0,100.0,stressed,drive06,41385
87,0.6894223555888974,10,6.028673835125447,0.40077777777777884,1,4,11.612903225806454,0.5399999999999925,1,1.1150334753499695,0.50675,86.0247311827957,5.455433434659008,1.8402274394931484,68.0,100.0,stressed,drive06,41850
84,0.7182277497085116,9,5.951612903225807,0.25575000000000364,1,6,7.058064516129032,0.1133999999999979,1,1.0815249266862168,0.515747,83.5720430107527,5.430862930528912,1.6450336257078044,68.0,93.0,stressed,drive06,42315
82,0.7240143369175629,10,5.275985663082437,0.14033333333332834,1,6,8.167741935483871,0.10519999999999721,1,1.0686217008797656,0.53415,82.21075268817204,6.489254349623359,1.967442209627489,60.0,96.0,stressed,drive06,42780
86,0.6960151802656548,11,5.058064516129031,0.1748999999999951,1,6,10.683870967741935,0.07799999999999736,1,1.0428152492668623,0.884415,84.98494623655914,7.5098350745253954,2.049705274305982,60.0,107.0,stressed,drive06,43245
85,0.6973886328725039,9,6.185483870967742,0.3022500000000003,1,6,10.851612903225806,0.17199999999999688,1,0.9400921658986174,0.834306,85.35376344086022,8.388843835134631,1.9454343337773774,65.0,107.0,stressed,drive06,43710
83,0.7206923682140048,6,6.129032258064516,0.2823999999999985,1,4,9.354838709677418,0.3203333333333254,1,0.9656266525647805,0.287918,81.31505376344086,8.571814857038504,2.1616582559462394,63.0,101.0,stressed,drive06,44175
83,0.7277734067663257,7,8.193548387096774,0.20566666666667158,1,4,15.419354838709678,0.3356666666666637,1,1.0604105571847506,0.2138,81.16666666666667,6.800313612839846,2.0504928652185463,63.0,93.0,stressed,drive06,44640
86,0.6952561669829225,9,6.701612903225806,0.5297500000000038,1,4,15.311827956989248,0.17199999999999216,1,0.9881154499151102,1.711589,84.64731182795698,7.113996372408008,2.076834139515491,68.0,103.0,stressed,drive06,45105
95,0.6300617707618396,16,2.9247311827956985,0.878533333333335,1,8,5.714285714285714,0.748714285714283,1,1.0615835777126101,2.538315,95.76989247311828,15.303831728682717,3.176203229283931,73.0,151.0,stressed,drive06,45570
97,0.6162634408602151,18,3.328273244781784,0.8127058823529384,1,12,4.956011730205279,0.6781818181818174,1,1.1389578163771712,2.226458,98.9494623655914,12.992331267095986,2.8324203345479675,76.0,151.0,stressed,drive06,46035
96,0.6213921901528014,22,2.7711213517665128,0.6153333333333342,1,17,3.108870967741935,0.27225000000000044,1,1.228494623655914,3.406599,95.95591397849462,5.82054134801894,1.0925917479388882,83.0,111.0,stressed,drive06,46500
93,0.6423562412342217,24,2.4684431977559607,0.519347826086959,1,16,3.8666666666666667,0.3663999999999981,1,1.2271505376344085,3.620425,94.84301075268817,12.298923791098114,2.3347425136300495,75.0,140.0,stressed,drive06,46965
93,0.6458625525946705,16,3.587096774193548,0.5798666666666625,1,13,3.4032258064516125,0.3238333333333316,1,1.0133481646273637,2.213997,94.28279569892473,11.820186157003537,2.3101777898860227,75.0,140.0,stressed,drive06,47430
95,0.6300617707618394,15,3.92626728110599,0.741285714285713,1,13,4.06989247311828,0.377499999999999,1,0.8913151364764268,2.227388,94.8752688172043,6.911851375996619,1.3547349487945854,77.0,107.0,stressed,drive06,47895
87,0.6916729182295573,13,4.209677419354839,0.6673333333333321,1,8,7.19815668202765,0.39571428571428674,1,1.048680351906158,1.993643,87.16666666666667,10.085183781153498,2.389202478284117,68.0,126.0,stressed,drive06,48360
83,0.727773406766326,12,5.120234604105571,0.7024545454545471,1,6,8.929032258064517,0.44780000000000075,1,1.144516129032258,1.638371,82.89569892473118,7.985395459245364,2.3152975615907967,68.0,126.0,stressed,drive06,48825
89,0.6730205278592376,11,5.154838709677419,0.7314999999999975,1,8,7.161290322580645,0.41914285714285676,1,1.0724284844796106,1.979829,88.38064516129032,7.482686224355128,1.5145508807202996,72.0,106.0,stressed,drive06,49290
94,0.6375303503295181,13,3.9139784946236555,0.7288333333333291,1,11,4.877419354838709,0.2752999999999969,1,1.3299120234604105,1.766333,93.45591397849462,5.538787227325992,1.387317613765478,80.0,106.0,stressed,drive06,49755
94,0.6347554630593134,16,3.6688172043010754,0.6180666666666652,1,17,3.407258064516129,0.29168749999999716,1,1.4461054287962234,1.695879,94.27096774193548,5.321463551720781,1.217030213415421,80.0,104.0,stressed,drive06,50220
93,0.6416549789621319,16,3.823655913978494,0.6476666666666641,1,13,4.069892473118279,0.2755833333333326,1,1.3137829912023464,2.048166,92.95268817204301,8.343300594892996,1.8941300748843175,60.0,103.0,stressed,drive06,50685
86,0.6975332068311196,12,5.020527859237537,0.4499999999999984,1,9,6.951612903225806,0.22012500000000196,1,1.4689826302729527,1.750974,85.17204301075269,10.96330502706322,2.2959223459711824,60.0,103.0,stressed,drive06,51150
86,0.6990512333965846,13,4.075268817204301,0.3804166666666626,1,9,5.064516129032258,0.28637500000000593,1,1.296057347670251,1.603045,85.11075268817204,9.555811859474609,2.0214138866605396,60.0,99.0,stressed,drive06,51615
89,0.6766862170087977,15,3.9400921658986183,0.38099999999999995,1,11,5.174193548387097,0.24170000000000286,1,1.2650771388499296,1.391403,87.63118279569892,7.3362039126721506,1.7859034191705194,62.0,99.0,stressed,drive06,52080
88,0.6822395253985911,11,5.148387096774194,0.4117999999999987,1,11,4.116129032258065,0.15710000000000063,1,1.4725806451612902,0.988377,87.71397849462366,8.98157721855526,2.7027076484404753,62.0,130.0,stressed,drive06,52545
88,0.684464219503152,10,5.770609318996416,0.43411111111111367,1,7,8.430107526881722,0.27866666666666434,1,1.5144312393887944,1.007334,87.61612903225806,9.46413479305954,2.7078802993898137,65.0,130.0,stressed,drive06,53010
89,0.6781524926686218,9,5.39516129032258,0.330124999999998,1,8,6.755760368663595,0.3144285714285687,1,1.5309503051438536,0.673522,87.84731182795699,9.271085718951133,2.46067018096795,65.0,137.0,stressed,drive06,53475
93,0.6458625525946706,11,5.593548387096774,0.3360999999999842,1,11,4.980645161290322,0.2297999999999986,1,1.4689826302729527,1.15952,92.8,7.220699039819892,2.2447163173846336,75.0,137.0,stressed,drive06,53940
90,0.6625588981515043,15,4.110599078341013,0.3559999999999958,1,12,4.850439882697947,0.19863636363636272,1,1.4870967741935484,1.262469,89.93118279569893,7.759253629091154,2.1999119269972316,61.0,100.0,stressed,drive06,54405
90,0.6625588981515043,15,3.9447004608294938,0.4207142857142894,1,12,4.0,0.1952727272727245,1,1.3815892997639654,1.45565,89.30645161290323,8.497416513796944,2.4118473282908797,61.0,100.0,stressed,drive06,54870
95,0.6328071379547016,12,4.733137829912024,0.5008181818181842,1,9,6.42741935483871,0.30487499999999534,1,1.3269794721407624,1.465803,94.38709677419355,6.901974562514882,2.331512950263058,67.0,135.0,stressed,drive06,55335
101,0.5922580645161291,15,3.9999999999999996,0.5769285714285749,1,9,6.508064516129032,0.3267499999999991,1,1.2367879203843513,2.284178,100.9505376344086,8.610429080961126,2.112803758073421,89.0,135.0,stressed,drive06,55800
106,0.5665130568356376,19,2.996415770609319,0.4556666666666638,1,13,3.9946236559139785,0.20374999999999818,1,1.1499051233396584,2.852721,104.75591397849462,6.394519870928315,0.9215749144415116,91.0,118.0,stressed,drive06,56265
105,0.5713399503722085,17,3.487903225806452,0.40218749999999565,1,12,4.398826979472141,0.19109090909090878,1,0.8614800759013284,2.40858,104.52688172043011,4.464655456006505,0.7839894114089117,94.0,116.0,stressed,drive06,56730
99,0.6003949967083609,15,4.018433179723503,0.4143571428571324,1,12,5.149560117302053,0.22745454545454435,1,0.8139637649138313,2.311039,99.63655913978495,7.385772212249282,0.8931023805910709,84.0,114.0,stressed,drive06,57195
100,0.6021505376344086,15,3.7235023041474657,0.4069999999999924,1,18,3.066413662239089,0.11994117647058987,1,0.8323489323034985,3.76978,102.04193548387097,17.654795093749726,2.8976067478950136,84.0,173.0,stressed,drive06,57660
105,0.5651364764267991,13,4.854838709677419,0.5624166666666711,1,14,3.8014888337468986,0.15553846153846346,1,0.8546049555867228,4.663123,113.24301075268818,20.44192086301522,4.083361708416894,91.0,186.0,stressed,drive06,58125
79,0.7568238213399504,12,3.841642228739002,0.43509090909091125,1,4,7.56989247311828,0.18899999999999303,1,2.10752688172043,1.347048,80.59354838709677,10.100375873465952,2.7949285149462857,58.0,116.0,no,drive06,59055
76,0.7888172043010753,8,6.0,0.7798571428571375,1,4,13.741935483870968,0.3766666666666607,1,1.8860215053763445,1.704349,77.08602150537635,9.621946144748511,2.7848969887394768,58.0,116.0,no,drive06,59520
75,0.8003487358326068,8,6.792626728110599,0.5102857142857162,1,1,60.0,0.0,0,2.0155728587319244,1.578326,75.01182795698925,8.163047468341784,2.604748499767267,55.0,106.0,no,drive06,59985
76,0.7965591397849462,7,8.827956989247312,0.3171666666666662,1,1,60.0,0.0,0,2.1290322580645165,0.652102,75.56881720430107,7.488492655862614,2.5952262211335233,55.0,106.0,no,drive06,60450
80,0.7521437321355655,12,4.739002932551319,0.6183636363636315,1,4,7.311827956989248,0.12066666666667632,1,2.2233250620347396,0.895634,79.68817204301075,7.626042667471782,1.9186916963438772,62.0,96.0,no,drive06,60915
80,0.7521437321355656,13,4.043010752688172,0.529333333333328,1,4,16.387096774193548,0.2720000000000035,1,2.258064516129032,0.911971,80.36129032258064,9.973653812824987,2.9834491421236464,57.0,118.0,no,drive06,61380
77,0.7767402376910019,8,6.940092165898618,1.1031428571428448,1,2,23.29032258064516,0.3379999999999965,1,2.4166666666666665,0.918617,77.20967741935483,9.601529498634372,3.0436367120397616,57.0,118.0,no,drive06,61845
74,0.8095448519664163,10,6.236559139784946,1.0227777777777751,1,2,28.774193548387096,0.23700000000000276,1,2.7834101382488474,0.896718,72.8258064516129,7.657997481385367,2.055997553955982,55.0,91.0,no,drive06,62310
73,0.8207885304659499,9,6.258064516129032,0.43899999999999983,1,1,60.0,0.0,0,3.275142314990512,0.518506,72.06129032258065,7.288339962593434,1.9734513487921397,55.0,90.0,no,drive06,62775
77,0.7826825127334466,6,9.380645161290323,0.2830000000000032,1,0,60.0,0.0,0,3.334677419354839,0.253809,75.75698924731182,6.522012319737605,1.8712601741599701,61.0,90.0,no,drive06,63240
78,0.7649769585253458,4,13.8494623655914,0.28233333333333205,1,0,60.0,0.0,0,3.3017077798861476,0.171998,78.05376344086021,7.541235162226196,2.755169326806553,63.0,111.0,no,drive06,63705
78,0.770004189359028,4,5.569892473118279,0.11266666666666747,1,0,60.0,0.0,0,3.540322580645161,0.179191,77.75591397849462,8.184931898687289,2.8709224840772336,60.0,111.0,no,drive06,64170
77,0.7784380305602717,5,13.225806451612902,1.3007499999999985,1,0,60.0,0.0,0,3.8279569892473115,0.20611,77.2741935483871,7.742570538470037,2.5164688982428265,60.0,111.0,no,drive06,64635
77,0.7852292020373515,8,7.188940092165899,1.3194285714285665,1,2,19.225806451612904,0.1329999999999978,1,3.858064516129033,0.405685,76.63978494623656,7.822240690244545,2.3199420949679554,60.0,111.0,no,drive06,65100
77,0.7835314091680816,9,6.443548387096774,1.0875000000000004,1,4,17.0752688172043,0.21333333333332982,1,3.3738140417457303,0.616835,76.33440860215053,7.109058202126096,1.8089598793214343,64.0,94.0,no,drive06,65565
80,0.7472437729685588,8,6.497695852534562,0.9927142857142881,1,2,21.548387096774192,0.4650000000000043,1,3.17921146953405,0.744196,78.51720430107527,7.29974404700668,2.0040325331620776,63.0,94.0,no,drive06,66030
80,0.7464271131073908,3,7.64516129032258,0.3730000000000077,1,0,60.0,0.0,0,3.2580645161290325,0.767463,78.72150537634408,6.083192948075828,1.7502883047153264,63.0,93.0,no,drive06,66495
80,0.7513270722743979,0,60.0,0.0,0,0,60.0,0.0,0,3.0752688172043015,0.669624,79.26236559139785,4.210838906494816,1.3024775596247935,68.0,89.0,no,drive06,66960
83,0.726199842643588,2,3.870967741935484,0.03300000000000791,1,0,60.0,0.0,0,2.7557603686635943,0.709105,81.4236559139785,5.970093888951423,1.6414307602809677,60.0,93.0,no,drive06,67425
83,0.7167584579071598,6,7.006451612903225,2.0342000000000042,1,2,21.548387096774192,2.292,1,1.8881720430107527,1.433066,77.02150537634408,14.85585109350308,2.767254315705972,36.0,106.0,no,drive06,67890
80,0.7488770926908944,6,10.63225806451613,2.3729999999999998,1,1,60.0,0.0,0,2.2761290322580643,1.464017,74.65053763440861,13.800632085071626,2.659143496217693,36.0,106.0,no,drive06,68355
79,0.7485525227460713,5,10.258064516129032,0.5682499999999915,1,0,60.0,0.0,0,3.218216318785579,0.823356,81.72903225806452,10.601872229111246,2.755559992434437,61.0,132.0,no,drive06,68820
82,0.7279968140183195,6,8.258064516129034,1.0535999999999928,1,0,60.0,0.0,0,2.633431085043988,0.798309,84.40860215053763,11.048122069918639,3.0418678755376938,65.0,132.0,no,drive06,69285
83,0.7214791502753738,6,4.554838709677419,1.3687999999999994,1,1,60.0,0.0,0,2.672811059907834,1.086862,82.86881720430108,8.193886765230799,2.6420871157540557,65.0,121.0,no,drive06,69750
82,0.7319792911190762,4,14.709677419354838,1.3643333333333334,1,2,52.193548387096776,0.7130000000000076,1,3.139784946236559,1.102322,81.02580645161291,7.2760751446728555,2.565818200013802,60.0,109.0,no,drive06,70215
78,0.7649769585253456,3,8.451612903225806,1.1744999999999943,1,3,16.806451612903228,0.1905000000000061,1,2.696774193548387,0.806963,77.63978494623656,7.5958624813428735,2.09438225476237,59.0,91.0,no,drive06,70680
77,0.7835314091680816,4,6.602150537634409,1.6396666666666577,1,4,16.043010752688172,0.33533333333333326,1,2.8387096774193545,0.523027,76.08924731182796,7.36948025429248,1.9150415881062568,59.0,90.0,no,drive06,71145
81,0.7435483870967744,9,7.129032258064516,1.414499999999998,1,2,11.67741935483871,0.24699999999999545,1,3.0662139219015283,0.242488,80.82043010752689,8.776986760227059,1.8116356370357218,59.0,99.0,no,drive06,71610
78,0.7750314201927107,4,17.89247311827957,0.7863333333333306,1,4,17.935483870967744,1.12533333333333,1,2.770967741935484,0.092855,76.97311827956989,8.228087743257307,1.3053669128562142,63.0,94.0,no,drive07,0
78,0.7633012149141183,6,8.748387096774193,0.7453999999999984,1,6,8.774193548387098,0.796000000000003,1,3.536290322580645,0.091558,78.25591397849462,7.898624657272382,1.642741807423114,60.0,93.0,no,drive07,465
74,0.8166151126822803,3,2.645161290322581,0.655,1,3,2.709677419354839,0.6305000000000097,1,4.173697270471464,0.055686,73.10645161290323,8.034365789874652,1.2900213197393797,60.0,87.0,no,drive07,930
70,0.8611500701262272,0,60.0,0.0,0,0,60.0,0.0,0,4.055299539170507,0.054145,68.8258064516129,3.935744747214585,0.9406499825473383,63.0,80.0,no,drive07,1395
70,0.8461898083216456,2,18.322580645161292,0.14100000000000001,1,5,5.774193548387097,0.31299999999999484,1,3.4535104364326377,0.05243,70.38602150537635,4.782407082726633,1.1033757770994315,62.0,85.0,no,drive07,1860
72,0.8305315765561109,2,18.322580645161292,0.14100000000000001,1,5,5.774193548387097,0.31299999999999484,1,3.093189964157706,0.065725,71.59462365591398,4.895046115336235,1.1473749700300477,62.0,85.0,no,drive07,2325
74,0.8121961997348653,1,60.0,0.0,0,0,60.0,0.0,0,2.9064516129032256,0.072982,72.85698924731183,4.846013722626504,1.0772128450103666,62.0,88.0,no,drive07,2790
75,0.8029642545771578,4,15.397849462365592,0.1646666666666682,1,3,12.96774193548387,0.43400000000000016,1,3.114695340501792,0.063041,74.28279569892473,5.365623828203758,1.3258220432696863,65.0,90.0,no,drive07,3255
79,0.7601323407775024,4,11.526881720430106,0.20233333333333361,1,5,13.403225806451612,0.3352499999999994,1,2.2688172043010755,0.170342,78.47849462365592,6.665919573123235,1.3822650324816614,65.0,90.0,no,drive07,3720
79,0.7634408602150538,2,4.967741935483871,0.3409999999999924,1,2,6.129032258064516,0.12000000000000721,1,2.0047789725209078,0.16971,77.95698924731182,5.898995683601845,0.9815301864928917,70.0,90.0,no,drive07,4185
74,0.8130799823243483,0,60.0,0.0,0,0,60.0,0.0,0,3.3017077798861476,0.053271,73.3752688172043,2.433200287155731,0.6651399813822305,68.0,78.0,no,drive07,4650
76,0.7888172043010753,1,60.0,0.0,0,1,60.0,0.0,0,2.5395894428152492,0.178888,75.28817204301075,5.247095447680351,0.78467561671438,67.0,90.0,no,drive07,5115
75,0.8020924149956409,1,60.0,0.0,0,1,60.0,0.0,0,2.335483870967742,0.178535,74.14838709677419,6.020174200016407,0.8586920235966967,65.0,90.0,no,drive07,5580
73,0.8225806451612904,2,11.161290322580646,0.21200000000000196,1,2,11.225806451612904,0.3110000000000035,1,3.059422750424449,0.052738,72.58602150537635,6.028571602745545,1.203690056626688,59.0,90.0,no,drive07,6045
72,0.8387096774193549,3,19.225806451612904,0.15700000000000158,1,3,19.35483870967742,0.22900000000000142,1,2.216774193548387,0.053211,71.4279569892473,8.101883036019025,1.431612939373223,59.0,95.0,no,drive07,6510
71,0.8488479262672811,1,60.0,0.0,0,1,60.0,0.0,0,2.1559139784946235,0.052518,70.33010752688172,6.272457029963541,1.1902003883707706,61.0,95.0,no,drive07,6975
72,0.83507496592458,0,60.0,0.0,0,0,60.0,0.0,0,3.0394265232974913,0.05714,71.31290322580645,4.606907525404,0.9929785791030886,64.0,85.0,no,drive07,7440
74,0.8024745912505524,0,60.0,0.0,0,0,60.0,0.0,0,2.957555178268251,0.059775,74.00860215053764,6.565299064738616,0.9820783742968642,64.0,87.0,no,drive07,7905
74,0.8121961997348652,0,60.0,0.0,0,0,60.0,0.0,0,3.1205432937181663,0.057989,73.33763440860216,7.170577787167976,0.9798837830081525,60.0,87.0,no,drive07,8370
69,0.8671726755218218,0,60.0,0.0,0,0,60.0,0.0,0,3.532258064516129,0.057653,68.54086021505377,5.106705197062729,1.0053677250876958,60.0,80.0,no,drive07,8835
71,0.8442396313364056,0,60.0,0.0,0,0,60.0,0.0,0,2.9269949066213923,0.164268,70.75698924731182,6.009945124352954,1.149717988541302,60.0,84.0,no,drive07,9300
72,0.8378009995456611,0,60.0,0.0,0,1,60.0,0.0,0,2.482334869431644,0.163515,71.28279569892473,5.646449520191208,1.1231970362971089,62.0,84.0,no,drive07,9765
68,0.8839672604718345,0,60.0,0.0,0,0,60.0,0.0,0,2.583577712609971,0.053115,67.91290322580645,5.618512522823935,1.1682929871258716,57.0,88.0,no,drive07,10230
69,0.8700189753320684,0,60.0,0.0,0,0,60.0,0.0,0,2.789554531490015,0.054905,68.83763440860216,6.9497801307914,1.2476026526510935,57.0,88.0,no,drive07,10695
69,0.8671726755218216,0,60.0,0.0,0,0,60.0,0.0,0,2.5131964809384164,0.054877,68.65591397849462,6.68072918506754,1.2192393824388996,60.0,87.0,no,drive07,11160
68,0.8887818969667791,0,60.0,0.0,0,0,60.0,0.0,0,2.1051373954599764,0.076842,67.58924731182796,6.173572924916897,1.372496252600169,59.0,86.0,no,drive07,11625
69,0.8652751423149905,0,60.0,0.0,0,0,60.0,0.0,0,2.1315136476426795,0.081787,68.9279569892473,5.741021331926397,1.341159307644785,59.0,86.0,no,drive07,12090
67,0.8895405669599219,0,60.0,0.0,0,0,60.0,0.0,0,2.8451612903225802,0.060825,67.16129032258064,4.948966053807029,1.0534683094472694,59.0,83.0,no,drive07,12555
66,0.9071960297766749,0,60.0,0.0,0,0,60.0,0.0,0,3.035653650254669,0.054549,65.91397849462365,5.733050594388392,1.1327400883003242,56.0,89.0,no,drive07,13020
89,0.6752199413489737,17,2.701612903225806,1.028562500000001,1,9,4.274193548387096,1.0971250000000023,1,1.2917562724014335,1.100128,83.2741935483871,13.533275622731498,2.570010031267988,50.0,107.0,stressed,drive07,13950
89,0.6708211143695015,19,2.931899641577061,1.2011666666666652,1,13,4.408602150537634,0.7931666666666679,1,1.1352357320099256,0.823911,88.65591397849462,5.901693986185559,1.8089598793214343,67.0,99.0,stressed,drive07,14415
83,0.7143981117230528,14,4.372208436724566,1.1444615384615369,1,11,4.7225806451612895,0.6849999999999984,1,1.0942928039702233,0.438246,83.25483870967741,11.729963617989691,2.407827207716002,43.0,99.0,stressed,drive07,14880
79,0.7584780810587264,8,6.645161290322581,0.7434285714285738,1,5,11.548387096774192,0.9710000000000035,1,1.6057347670250897,0.199211,77.7505376344086,10.868427428322493,2.3995424752272685,43.0,99.0,stressed,drive07,15345
80,0.7562270314414047,9,6.17741935483871,0.8751249999999962,1,9,5.088709677419354,1.1081249999999985,1,2.496493688639551,0.241512,78.76774193548387,5.582213714549819,1.1478439563443517,67.0,91.0,stressed,drive07,15810
80,0.7496937525520622,12,4.873900293255132,1.1409999999999973,1,16,3.724731182795699,0.9727333333333331,1,1.5379250217959894,0.2783,79.55913978494624,6.0853470502836275,1.7505957774106653,67.0,94.0,stressed,drive07,16275
80,0.75051041241323,9,5.854838709677419,1.1205000000000016,1,11,5.161290322580645,0.8404000000000027,1,1.2215988779803646,0.228351,79.08387096774193,5.570415137182773,1.7475186159924143,67.0,94.0,stressed,drive07,16740
79,0.7634408602150539,11,5.799999999999999,0.864000000000001,1,9,7.25,0.7616249999999972,1,1.5301902398676595,0.1885,78.09892473118279,5.230483326906251,1.4229398455628472,65.0,90.0,stressed,drive07,17205
78,0.7733556765814831,14,3.7766749379652604,0.4806153846153858,1,14,3.3746898263027294,0.3541538461538449,1,1.3357771260997067,0.215753,77.34946236559139,5.854822911399838,1.458799069615587,65.0,91.0,stressed,drive07,17670
79,0.7518610421836228,10,4.709677419354838,0.5574444444444434,1,10,4.121863799283154,0.2867777777777775,1,1.3458364591147787,0.321187,79.16989247311828,6.407250344546034,1.2668668283675613,67.0,91.0,stressed,drive07,18135
79,0.7593052109181142,5,10.564516129032258,0.9499999999999993,1,7,7.999999999999999,0.7853333333333254,1,1.4937965260545905,0.318309,78.69354838709677,5.644262601277053,1.165063740708587,68.0,90.0,stressed,drive07,18600
76,0.7845161290322581,8,6.497695852534562,0.7964285714285746,1,12,4.668621700879766,0.48754545454545356,1,1.6182795698924732,0.214726,75.78172043010753,5.2891336412052254,1.2196807360759578,65.0,91.0,stressed,drive07,19065
77,0.7767402376910019,9,6.508064516129032,0.42900000000000205,1,11,5.258064516129032,0.4796000000000048,1,2.0552995391705067,0.196434,76.17311827956989,6.4074157269399885,1.3347229930758762,65.0,93.0,stressed,drive07,19530
79,0.7650951199338296,7,8.483870967741934,0.4399999999999986,1,11,5.509677419354839,0.5063000000000033,1,1.7172675521821628,0.196732,76.80322580645161,7.601428156884748,1.4536246963381196,62.0,94.0,stressed,drive07,19995
78,0.7716799329702556,7,9.698924731182798,0.37749999999999817,1,12,5.302052785923754,0.5641818181818175,1,1.5931899641577059,0.152338,76.21935483870968,7.096815249148107,1.4149745059645427,62.0,94.0,stressed,drive07,20460
79,0.7642679900744418,5,11.032258064516128,0.5052500000000013,1,12,4.838709677419355,0.7119999999999992,1,1.8024193548387097,0.245335,76.76666666666667,5.259539890202452,1.211711774799756,66.0,89.0,stressed,drive07,20925
79,0.7576509511993385,6,7.329032258064515,1.281199999999999,1,11,4.270967741935484,0.8003999999999982,1,1.9084287200832464,0.232658,78.68494623655914,5.225731337129971,1.2566293528574222,66.0,89.0,stressed,drive07,21390
78,0.764139086719732,7,7.537634408602151,1.0858333333333399,1,10,5.010752688172044,0.9250000000000013,1,1.8730489073881373,0.394853,78.17311827956989,6.336540893215027,1.362262412502336,65.0,95.0,stressed,drive07,21855
77,0.7750424448217318,9,5.709677419354838,0.894750000000003,1,14,4.084367245657568,0.7858461538461576,1,1.704789833822092,0.549615,76.54838709677419,6.39777536778275,1.4912735037807716,65.0,95.0,stressed,drive07,22320
80,0.7513270722743977,11,4.509677419354839,0.6807000000000019,1,12,4.351906158357771,0.6672727272727322,1,2.002304147465438,0.407659,78.74516129032259,5.925941078188128,1.4687267392748475,65.0,90.0,stressed,drive07,22785
82,0.7335722819593788,10,5.713261648745519,0.5485555555555592,1,10,6.415770609318996,0.4362222222222179,1,2.0,0.304265,80.79032258064517,4.800102250616317,1.2023479004130029,68.0,90.0,stressed,drive07,23250
84,0.712786630392538,13,4.381720430107527,0.8168333333333367,1,15,3.5898617511520743,0.6082142857142829,1,1.4596774193548387,0.426148,83.85161290322581,6.05081728956192,1.07320832243182,67.0,100.0,stressed,drive07,23715
87,0.6864216054013504,12,4.53958944281525,1.2190909090909108,1,15,3.9354838709677424,0.7041428571428571,1,1.4634974533106964,0.673298,87.33655913978495,6.010712389500782,1.197413790097119,67.0,100.0,stressed,drive07,24180
85,0.7050691244239631,10,5.620071684587813,0.7968888888888868,1,14,3.9057071960297765,0.3087692307692297,1,1.2688172043010753,0.609779,85.62150537634409,5.403580045093673,1.2406810866073648,74.0,100.0,stressed,drive07,24645
81,0.7459677419354839,9,7.241935483870968,1.3877499999999985,1,14,4.446650124069478,0.599923076923074,1,0.9656266525647804,0.214171,81.09032258064516,5.766646115622447,1.2232058322593125,67.0,93.0,stressed,drive07,25110
78,0.7700041893590279,11,5.709677419354838,1.2600000000000018,1,14,4.416873449131514,0.7305384615384614,1,1.1174680462568471,0.463055,77.45698924731182,5.961054569497711,1.1856697271289018,67.0,91.0,stressed,drive07,25575
78,0.766652702136573,12,5.020527859237537,0.9331818181818196,1,13,4.876344086021505,0.4797499999999986,1,1.2271505376344085,0.795943,77.46559139784947,5.080576434649231,1.231100394297562,67.0,91.0,stressed,drive07,26040
81,0.742741935483871,12,4.32258064516129,0.7635454545454572,1,11,4.116129032258065,0.3797999999999979,1,1.0232031692133559,0.914981,80.14623655913978,4.84558460225267,1.2341568638926004,67.0,93.0,stressed,drive07,26505
81,0.7362903225806452,14,4.114143920595534,0.5342307692307713,1,12,4.897360703812317,0.35954545454545356,1,1.0166852057842046,0.780551,80.53010752688172,4.612705337009115,1.2904384648819687,67.0,93.0,stressed,drive07,26970
80,0.7488770926908944,10,5.956989247311828,0.39711111111110914,1,11,5.335483870967742,0.4613999999999975,1,1.3143285821455364,0.702003,79.60322580645162,5.662609900434191,1.5796063059536056,67.0,101.0,stressed,drive07,27435
83,0.7246262785208497,11,4.574193548387097,0.7830999999999981,1,11,3.819354838709677,0.6570999999999971,1,1.7008797653958942,0.706642,82.67849462365591,7.299938863529024,1.4357424201762825,67.0,101.0,stressed,drive07,27900
82,0.7359617682198328,16,3.5784946236559136,0.6166000000000011,1,15,3.741935483870968,0.44128571428571395,1,1.4821731748726656,0.51703,81.65161290322581,6.871878378748173,1.0021505401182018,70.0,95.0,stressed,drive07,28365
75,0.8003487358326068,15,3.9631336405529956,0.301857142857146,1,16,3.690322580645161,0.3027999999999969,1,1.3625192012288785,0.218877,74.59354838709677,4.960744967719613,0.8530323294022227,64.0,86.0,stressed,drive07,28830
72,0.8405270331667423,10,5.89247311827957,0.30877777777778015,1,12,4.809384164222874,0.23209090909090485,1,1.4403225806451612,0.149285,71.00967741935484,3.436507495540999,0.6675630858784483,64.0,78.0,stressed,drive07,29295
71,0.8460829493087557,5,10.596774193548388,0.6207500000000032,1,7,9.505376344086022,0.35049999999999776,1,1.5884917175239757,0.140587,71.0752688172043,4.0396863477196305,0.926235247140966,64.0,87.0,stressed,drive07,29760
73,0.8225806451612905,7,7.064516129032257,1.1041666666666667,1,9,5.290322580645161,0.8706249999999973,1,1.4258064516129032,0.549726,73.22365591397849,4.720292451516259,0.9820783742968642,64.0,87.0,stressed,drive07,30225
78,0.764139086719732,10,5.870967741935484,1.179111111111112,1,14,4.069478908188586,1.1694615384615379,1,1.1327543424317617,0.626416,77.70860215053763,8.480846933690264,0.8692820243685041,68.0,99.0,stressed,drive07,30690
84,0.708900116595414,12,4.621700879765395,0.8242727272727255,1,15,3.935483870967741,0.7925714285714277,1,0.8903225806451612,0.339634,83.55806451612904,10.315421408480962,1.5468986995444514,68.0,111.0,stressed,drive07,31155
80,0.7562270314414046,12,4.387096774193548,0.7396363636363603,1,13,4.779569892473117,0.456,1,1.0780058651026394,0.180996,79.55806451612904,9.96355533750777,1.5785837966398848,67.0,111.0,stressed,drive07,31620
72,0.8296228986824171,11,5.4322580645161285,0.8072999999999965,1,13,4.526881720430107,0.4058333333333389,1,1.2258064516129032,0.127527,71.73548387096774,4.058037164206846,0.8215347028763544,66.0,83.0,stressed,drive07,32085
71,0.8470046082949308,8,7.7050691244239635,0.9378571428571393,1,11,5.361290322580645,0.3791000000000041,1,1.1908602150537635,0.11271,70.50322580645161,3.0154602214025155,0.5941950983092023,66.0,79.0,stressed,drive07,32550
73,0.8279569892473119,7,6.967741935483869,0.37083333333332913,1,9,5.959677419354838,0.2471250000000004,1,1.4392059553349874,1.191645,72.00430107526881,2.897901130666318,0.7812385628872196,66.0,80.0,stressed,drive07,33015
73,0.8189964157706093,11,5.251612903225807,0.28439999999999993,1,11,5.251612903225807,0.14650000000000118,1,1.4287962234461051,1.450676,72.64623655913978,3.6323830010917653,0.8325974504715676,62.0,80.0,stressed,drive07,33480
75,0.7968613775065388,10,5.455197132616488,0.4372222222222191,1,10,5.405017921146953,0.314666666666666,1,1.4101382488479262,0.849276,74.76989247311828,6.292917762606833,1.0213016452508212,62.0,95.0,stressed,drive07,33945
77,0.7826825127334466,7,8.913978494623654,0.662166666666661,1,11,5.554838709677419,0.40339999999999465,1,1.3255131964809386,0.174879,76.1258064516129,6.403819478992851,1.6146530318764107,67.0,101.0,stressed,drive07,34410
75,0.7959895379250219,3,17.64516129032258,0.623999999999999,1,9,5.766129032258064,0.274125,1,1.3878835562549174,0.067061,74.81935483870967,4.6213217413993535,1.5311617826788506,67.0,101.0,stressed,drive07,34875
75,0.807323452484743,4,15.032258064516128,0.5129999999999951,1,10,5.89247311827957,0.3130000000000004,1,1.7943548387096775,0.06602,73.79032258064517,3.7836821263917155,1.015488238080198,63.0,83.0,stressed,drive07,35340
74,0.8130799823243482,6,7.264516129032257,0.5271999999999976,1,10,4.924731182795699,0.36388888888888693,1,1.6755218216318783,0.267681,73.27311827956989,4.698962131688464,0.9400776369010737,63.0,87.0,stressed,drive07,35805
76,0.787956989247312,7,7.806451612903225,0.6736666666666672,1,11,5.096774193548387,0.4556999999999939,1,1.7248576850094874,0.2887,75.85913978494624,5.571871301247406,1.2761790386320029,63.0,87.0,stressed,drive07,36270
76,0.7870967741935483,7,6.763440860215053,0.6715000000000041,1,13,4.333333333333333,0.4039999999999988,1,1.6617790811339197,0.172035,75.79247311827957,4.993000187555904,1.274913196986093,63.0,87.0,stressed,drive07,36735
73,0.8181003584229392,8,7.548387096774193,0.6390000000000028,1,12,4.486803519061583,0.32572727272727586,1,1.7478005865102637,0.134813,72.93225806451613,3.6243994323516087,0.7659323170597186,65.0,86.0,stressed,drive07,37200
73,0.8181003584229392,7,7.86021505376344,0.3618333333333357,1,7,6.548387096774193,0.2543333333333303,1,1.6755218216318786,0.075967,72.80430107526881,3.506734350050885,0.8403187667244882,67.0,88.0,stressed,drive07,37665
75,0.8020924149956408,7,8.81720430107527,0.3706666666666623,1,9,5.540322580645162,0.33250000000000146,1,1.4937965260545905,0.19267,74.23548387096774,3.775619159116302,0.9525898074339899,67.0,88.0,stressed,drive07,38130
78,0.7733556765814832,9,6.870967741935484,0.4432500000000008,1,13,4.521505376344086,0.3800833333333357,1,1.5985663082437276,0.300287,77.09784946236559,4.232757013381192,1.0005380683736131,67.0,89.0,stressed,drive07,38595
85,0.7096774193548389,13,4.650537634408602,0.7036666666666654,1,17,3.475806451612903,0.5221874999999996,1,1.5179211469534049,0.431223,83.78279569892473,5.617572729112033,1.0380282708412436,73.0,93.0,stressed,drive07,39060
86,0.7005692599620493,9,6.112903225806451,0.9496249999999954,1,12,4.4046920821114375,0.8130909090909082,1,1.4673283705541769,0.94433,85.33118279569892,6.087003226417224,1.1379546548766502,72.0,96.0,stressed,drive07,39525
78,0.7767071638039379,5,12.46774193548387,1.0187499999999972,1,8,6.608294930875576,0.7338571428571417,1,1.5379250217959892,0.946515,77.10215053763442,7.735916492396904,1.0565292407683249,64.0,96.0,stressed,drive07,39990
72,0.8296228986824171,6,10.038709677419353,0.21039999999999998,1,11,4.419354838709678,0.35499999999999704,1,2.013824884792627,0.474935,72.0720430107527,4.224884437979234,0.9671682501571008,64.0,84.0,stressed,drive07,40455
74,0.8104286345558993,7,7.258064516129032,0.29266666666666613,1,11,4.748387096774194,0.26700000000000046,1,2.0406212664277183,0.331889,73.51505376344086,4.80996828363583,1.07320832243182,65.0,87.0,stressed,drive07,40920
76,0.7896774193548387,3,9.838709677419356,0.24350000000000155,1,7,8.580645161290322,0.6364999999999982,1,1.6290322580645158,0.158673,74.61505376344086,4.835374716919411,1.0666689092190278,65.0,87.0,stressed,drive07,41385
76,0.7888172043010753,4,8.129032258064518,0.8729999999999974,1,9,3.7419354838709675,0.5766249999999944,1,1.7248576850094874,0.251174,74.98602150537634,4.7952505938274,1.22276575099583,65.0,88.0,stressed,drive07,41850
78,0.7666527021365731,6,10.193548387096774,0.9625999999999977,1,16,3.5698924731182795,0.4583333333333296,1,1.9421579532814237,0.494112,78.01935483870967,5.71694816820657,1.346366157449247,65.0,90.0,stressed,drive07,42315
77,0.7801358234295416,4,10.387096774193546,0.46166666666666956,1,14,4.099255583126551,0.39992307692307444,1,1.8215053763440858,0.459982,76.8247311827957,5.934085174921336,1.1422034113671014,64.0,90.0,stressed,drive07,42780
74,0.8148475475033143,3,26.483870967741936,0.4734999999999998,1,9,6.814516129032258,0.3579999999999993,1,1.698292220113852,0.194243,73.73978494623655,4.80803851506558,1.3834326506252232,64.0,99.0,stressed,drive07,43245
74,0.8077772867874503,4,10.0,1.095333333333331,1,13,4.279569892473119,0.25349999999999756,1,1.6829493087557603,0.211186,74.24301075268818,5.018576198923406,1.4168750770105336,65.0,99.0,stressed,drive07,43710
74,0.8157313300927972,9,6.42741935483871,0.6426250000000022,1,17,3.2338709677419355,0.3339999999999958,1,1.6682027649769582,0.214879,73.31182795698925,3.868200922780945,0.8364670179514311,65.0,83.0,stressed,drive07,44175
77,0.7792869269949068,12,5.049853372434017,0.5254545454545473,1,16,3.707526881720429,0.42266666666666114,1,1.2137096774193548,0.767569,75.8731182795699,6.111774987852463,1.3989077701578347,65.0,91.0,stressed,drive07,44640
79,0.7526881720430108,13,3.870967741935484,0.6990000000000007,1,15,3.423963133640553,0.35842857142856854,1,1.0967741935483872,0.912932,78.54193548387097,6.566849338335455,1.4723866670507901,68.0,91.0,stressed,drive07,45105
79,0.7634408602150538,11,5.548387096774193,0.5726000000000026,1,13,4.586021505376345,0.3247500000000004,1,1.354838709677419,0.980735,77.82043010752689,5.2997273035909,1.0911129404739697,63.0,91.0,stressed,drive07,45570
78,0.7700041893590283,7,8.569892473118278,0.5793333333333305,1,12,4.932551319648094,0.293818181818184,1,1.4114870180959875,0.855226,77.0741935483871,4.722615532511128,1.5928391965718416,63.0,99.0,stressed,drive07,46035
77,0.7741935483870968,6,7.393548387096774,0.40260000000000196,1,11,4.83225806451613,0.3848999999999999,1,1.4004720692368215,0.294681,77.1494623655914,4.946620952805479,1.6554701054936005,63.0,99.0,stressed,drive07,46500
78,0.770004189359028,6,8.72258064516129,0.7140000000000015,1,10,5.211469534050179,0.5969999999999981,1,1.4358974358974357,0.375517,77.47849462365592,4.46781439585146,1.3061912684248678,65.0,86.0,stressed,drive07,46965
83,0.7230527143981117,7,7.225806451612904,0.7153333333333332,1,11,5.2064516129032254,0.6185000000000012,1,1.453225806451613,0.542223,81.70860215053763,6.514337469741093,1.3241972607435053,65.0,99.0,stressed,drive07,47430
80,0.749693752552062,4,4.10752688172043,0.5206666666666672,1,6,8.967741935483872,0.8593999999999996,1,1.3233308327081772,0.468577,79.03548387096774,8.421798969587702,1.139372667457772,67.0,99.0,stressed,drive07,47895
73,0.8216845878136202,3,7.645161290322581,0.534000000000004,1,7,5.892473118279571,0.8161666666666686,1,1.2163978494623657,0.220181,72.18924731182796,3.8095370521547736,0.787414457909744,67.0,83.0,stressed,drive07,48360
72,0.8314402544298044,4,17.483870967741936,1.3540000000000039,1,9,6.564516129032259,0.5286250000000009,1,1.1426799007444166,0.211368,71.55483870967743,3.6464304575176416,0.7423814703897457,65.0,81.0,stressed,drive07,48825
70,0.847124824684432,3,15.64516129032258,0.22999999999999915,1,6,9.341935483870968,0.3688000000000046,1,1.196840026333114,0.162598,70.33978494623656,3.641255242179284,0.7409300878277513,63.0,81.0,stressed,drive07,49290
72,0.8341662880508859,3,7.290322580645162,0.24399999999999186,1,5,10.629032258064516,0.43199999999999966,1,1.5257192676547515,0.509041,71.69247311827957,3.8618686367556503,0.6967555133798284,63.0,79.0,stressed,drive07,49755
74,0.8148475475033142,2,35.74193548387097,0.07200000000000795,1,6,9.832258064516129,0.381799999999991,1,1.5268817204301075,0.505001,72.79569892473118,2.8080496418464747,0.6164239381097265,68.0,79.0,stressed,drive07,50220
72,0.8314402544298047,3,13.870967741935484,0.23499999999999552,1,8,7.225806451612903,0.26257142857142257,1,1.3343823760818254,0.138477,71.69677419354839,3.001162914852268,0.7074872529822713,65.0,77.0,stressed,drive07,50685
70,0.8536699392239365,3,14.225806451612904,0.10349999999999848,1,7,8.86021505376344,0.20416666666666197,1,1.5734767025089604,0.068482,70.24301075268818,3.4167644208243653,0.7299527389334368,62.0,77.0,stressed,drive07,51150
72,0.8332576101771922,3,23.612903225806456,0.21400000000000088,1,8,5.880184331797234,0.3767142857142812,1,1.1793548387096773,0.104976,71.41505376344087,4.187255272554994,0.7833026049595972,62.0,85.0,stressed,drive07,51615
73,0.8243727598566308,2,9.096774193548388,0.3089999999999961,1,6,5.470967741935484,0.5318000000000002,1,1.0435766836445954,0.105693,72.36989247311828,3.4756846605245575,0.7495962314646796,62.0,85.0,stressed,drive07,52080
72,0.8423443889141299,1,60.0,0.0,0,2,27.225806451612904,0.7580000000000029,1,1.390168970814132,0.140438,70.99247311827958,3.266471463088243,0.85492305723953,62.0,79.0,stressed,drive07,52545
73,0.8261648745519713,4,10.709677419354838,0.5923333333333312,1,5,13.822580645161292,1.0714999999999975,1,1.479032258064516,0.247407,72.39677419354838,3.750066712321383,0.8221895732098169,62.0,80.0,stressed,drive07,53010
73,0.8198924731182796,7,6.344086021505376,0.40966666666666923,1,9,4.71774193548387,0.5532499999999959,1,1.2163978494623657,0.243101,72.30752688172043,3.8417692093460696,0.7394758566165885,62.0,81.0,stressed,drive07,53475
73,0.8243727598566308,8,8.285714285714286,0.8184285714285707,1,12,5.284457478005865,0.68854545454545,1,1.3458364591147787,0.224244,72.15483870967742,4.670394428072471,0.9423649338025638,62.0,82.0,stressed,drive07,53940
73,0.8145161290322581,8,6.387096774193547,0.9469999999999967,1,11,4.406451612903226,0.5186999999999964,1,1.6164874551971324,0.233389,73.29784946236559,3.746897741734599,0.8618202380500206,64.0,82.0,stressed,drive07,54405
77,0.7792869269949068,7,7.989247311827957,0.9500000000000018,1,12,4.733137829912024,0.439000000000002,1,1.4838709677419355,0.891833,76.45268817204301,6.606319740647327,1.138427521988219,67.0,95.0,stressed,drive07,54870
81,0.739516129032258,10,5.756272401433692,1.0556666666666694,1,14,4.392059553349876,0.5500769230769317,1,1.2086899275839367,1.002966,80.41935483870968,5.836707314225971,1.2032428375673625,67.0,95.0,stressed,drive07,55335
80,0.7496937525520622,9,6.266129032258064,0.8600000000000019,1,15,4.055299539170506,0.4715000000000025,1,1.07683284457478,0.723014,79.81182795698925,4.461070546630495,1.1255903844963377,69.0,91.0,stressed,drive07,55800
74,0.8130799823243482,7,8.096774193548386,0.5216666666666653,1,10,6.10752688172043,0.46566666666666023,1,1.366841710427607,0.544924,73.0720430107527,7.258230264933404,1.047319609208229,62.0,89.0,stressed,drive07,56265
69,0.8757115749525618,9,4.137096774193548,0.44487499999999947,1,9,4.370967741935484,0.4147500000000005,1,2.253101736972705,0.446117,68.12795698924731,3.63965216320431,0.7232863642384104,62.0,80.0,stressed,drive07,56730
71,0.8423963133640554,8,7.345622119815668,0.6748571428571417,1,11,5.129032258064516,0.6335000000000011,1,2.424731182795699,0.543795,70.8247311827957,5.849035503874701,0.7617045074880837,63.0,87.0,stressed,drive07,57195
76,0.7931182795698926,9,6.766129032258064,0.5826249999999967,1,13,4.629032258064517,0.4676666666666652,1,2.1433691756272397,0.354264,75.03118279569892,6.840274132949466,1.31194725405276,63.0,89.0,stressed,drive07,57660
79,0.7576509511993383,12,5.061583577712611,0.48945454545454364,1,15,3.9723502304147464,0.339571428571427,1,1.8924731182795695,0.436627,79.11612903225806,6.339283401762916,1.6312344180367606,63.0,90.0,stressed,drive07,58125
76,0.7853763440860214,10,6.236559139784947,0.41244444444444206,1,12,5.131964809384164,0.41690909090908446,1,1.7634408602150538,0.540677,76.22150537634408,6.933041497099865,1.3355292287235898,63.0,90.0,stressed,drive07,58590
73,0.8279569892473119,7,7.150537634408603,0.4044999999999972,1,10,4.724014336917564,0.3137777777777686,1,1.2756598240469208,0.378093,71.77311827956989,4.730946841623568,1.0291760998799222,64.0,90.0,stressed,drive07,59055
72,0.8305315765561107,10,5.505376344086021,0.4867777777777758,1,11,5.5354838709677425,0.35219999999999274,1,1.1896774193548387,0.20682,71.55806451612904,4.9870115726700694,0.9705014073667042,62.0,90.0,stressed,drive07,59520
74,0.8121961997348653,11,5.393548387096774,0.47859999999999736,1,15,3.9078341013824884,0.254357142857137,1,1.4629032258064516,0.587587,73.75376344086021,5.063108381387285,1.2510490753845158,62.0,88.0,stressed,drive07,59985
75,0.79947689625109,10,5.6415770609319,0.5631111111111082,1,16,3.806451612903225,0.2719333333333321,1,1.252454417952314,0.625181,74.72043010752688,6.355702868667829,1.4153548243442005,64.0,96.0,stressed,drive07,60450
75,0.8003487358326068,11,5.103225806451613,0.6712999999999973,1,16,3.3806451612903228,0.4460666666666691,1,1.1129032258064517,0.439295,74.21827956989247,6.344474291016361,1.2480339759665384,64.0,96.0,stressed,drive07,60915
74,0.8095448519664163,8,6.046082949308756,0.9309999999999976,1,17,3.592741935483871,0.4366250000000056,1,1.1166253101736971,0.487823,73.49569892473119,5.020868578811615,1.154389759060373,66.0,88.0,stressed,drive07,61380
73,0.8252688172043011,7,7.204301075268819,0.9093333333333344,1,15,3.774193548387097,0.40900000000000325,1,1.0848267622461172,0.369925,71.14193548387097,7.070403595735561,1.3977530792717157,60.0,90.0,stressed,drive07,61845
79,0.7601323407775022,9,6.60483870967742,0.6751250000000008,1,14,4.218362282878412,0.4156153846153865,1,1.2636746143057505,0.687396,77.96236559139786,11.13290592810239,1.5283471446689947,60.0,94.0,stressed,drive07,62310
82,0.7232178414974114,6,9.935483870967742,0.6032000000000007,1,14,4.3424317617866,0.421692307692307,1,1.3348694316436251,0.913948,82.65376344086022,6.812899831648986,1.3826543480878832,68.0,94.0,stressed,drive07,62775
84,0.7197823552273612,11,3.9935483870967743,0.46480000000000254,1,14,4.218362282878411,0.3499999999999963,1,1.1228287841191067,0.748693,82.83655913978495,4.898228447502406,1.2428482167944868,68.0,94.0,stressed,drive07,63240
87,0.693173293323331,14,4.50620347394541,0.45876923076923315,1,17,3.633064516129032,0.2444374999999942,1,1.111381618989653,0.556062,85.75698924731182,3.578472006752349,1.2045839966360008,76.0,94.0,stressed,drive07,63705
86,0.6944971537001899,10,4.394265232974911,0.4284444444444453,1,15,3.6866359447004604,0.17999999999999883,1,1.3079178885630498,0.768654,86.1494623655914,6.741001547358291,1.4595367683072955,64.0,100.0,stressed,drive07,64170
71,0.8479262672811061,5,11.064516129032258,0.40900000000000397,1,6,9.703225806451613,0.39339999999999825,1,1.804435483870968,0.535544,71.29569892473118,8.991494355670996,1.1270239538115487,56.0,94.0,no,drive07,65100
66,0.905210918114144,3,4.935483870967742,0.2260000000000007,1,5,12.516129032258064,0.2595000000000021,1,2.642228739002933,0.059083,66.43548387096774,4.67694287524896,1.0975067153836298,56.0,81.0,no,drive07,65565
67,0.8856304985337243,1,60.0,0.0,0,6,6.129032258064516,0.1661999999999942,1,3.3092979127134723,0.056982,66.78709677419354,5.123826397100511,0.9732703185779159,60.0,84.0,no,drive07,66030
66,0.907196029776675,0,60.0,0.0,0,5,6.612903225806451,0.16474999999999312,1,3.290322580645161,0.055701,65.81182795698925,5.004736454715062,0.9239080192243614,58.0,84.0,no,drive07,66495
65,0.9163306451612903,0,60.0,0.0,0,0,60.0,0.0,0,3.2043010752688175,0.057487,65.25483870967741,4.79589914717766,1.081700212553615,58.0,80.0,no,drive07,66960
65,0.9304435483870969,0,60.0,0.0,0,0,60.0,0.0,0,2.926994906621392,0.057087,63.98279569892473,5.068532982300665,1.0333512736153443,57.0,80.0,no,drive07,67425
65,0.9344758064516129,0,60.0,0.0,0,0,60.0,0.0,0,3.301707779886148,0.052998,63.77741935483871,4.934945152972948,0.9268161410501476,55.0,79.0,no,drive07,67890
66,0.9071960297766749,1,60.0,0.0,0,1,60.0,0.0,0,3.5927419354838706,0.104642,66.09784946236559,5.491938931256452,1.2063698893833368,55.0,89.0,no,drive07,68355
75,0.79947689625109,2,6.645161290322581,0.833999999999997,1,3,12.838709677419356,1.0575000000000025,1,2.589861751152074,0.120739,74.9,11.892515944234464,1.3193109073235894,60.0,96.0,no,drive07,68820
77,0.7835314091680816,3,23.806451612903224,0.3724999999999976,1,4,15.526881720430106,1.1173333333333317,1,2.3899018232819076,0.080528,75.89354838709677,11.097052853465415,1.1459668594933496,62.0,96.0,no,drive07,69285
70,0.8602150537634409,2,21.741935483870968,0.2989999999999996,1,2,21.870967741935484,1.0670000000000044,1,3.290322580645161,0.054219,68.23655913978494,5.1116519844315835,0.9710558212407536,60.0,84.0,no,drive07,69750
68,0.8801155512758788,0,60.0,0.0,0,1,60.0,0.0,0,3.195445920303605,0.054866,67.83548387096774,4.678919670393788,0.8876621124246716,60.0,83.0,no,drive07,70215
70,0.8574100046750821,1,60.0,0.0,0,2,51.16129032258065,0.1810000000000216,1,3.3548387096774195,0.073524,69.46666666666667,8.1576843295185,0.9349107588525758,60.0,95.0,no,drive07,70680
74,0.8051259390190014,5,8.56451612903226,1.2964999999999942,1,5,8.596774193548388,1.350249999999996,1,2.912903225806452,0.234749,74.25698924731182,11.57526002726544,1.0846814774058517,60.0,99.0,no,drive07,71145
76,0.7888172043010753,6,10.412903225806451,0.8837999999999973,1,8,8.08294930875576,0.5507142857142867,1,2.2158808933002483,0.232489,76.08064516129032,9.75269202499005,1.209043782333613,61.0,99.0,no,drive07,71610
71,0.8414746543778802,6,9.67741935483871,0.48680000000000057,1,6,9.703225806451613,0.44139999999999874,1,2.563049853372434,0.067184,70.61397849462365,6.758699553571789,1.0426842894418569,60.0,85.0,no,drive07,72075
74,0.8015908086610695,5,9.774193548387096,0.7372500000000025,1,6,5.987096774193548,0.2973999999999952,1,1.7560483870967742,0.067681,74.48602150537634,12.445335019254122,1.2983387580589854,60.0,101.0,no,drive07,72540
75,0.806451612903226,4,17.182795698924732,0.5883333333333288,1,6,10.193548387096774,0.32380000000000175,1,1.9911012235817573,0.067616,73.54516129032258,13.267577232454565,1.371711744818096,57.0,101.0,no,drive07,73005
73,0.8252688172043011,6,8.232258064516127,0.4839999999999991,1,6,8.296774193548387,0.2845999999999962,1,3.191650853889943,0.060391,71.74193548387096,11.661261321518392,1.3156342325280932,57.0,101.0,no,drive07,73470
71,0.8387096774193551,7,9.473118279569894,0.7648333333333354,1,9,6.588709677419354,0.24137499999999806,1,3.370967741935484,0.0575,71.48709677419355,11.578824998482078,1.295018193138514,56.0,101.0,no,drive07,73935
65,0.9173387096774194,6,10.0,0.8690000000000013,1,8,7.133640552995392,0.2752857142857084,1,3.7376344086021507,0.054231,65.01505376344086,4.058681025133184,1.0797081294402358,56.0,73.0,no,drive07,74400
66,0.9151364764267991,4,7.56989247311828,1.2816666666666663,1,4,7.311827956989247,0.5026666666666636,1,3.6989247311827964,0.05733,64.96774193548387,4.182533092898088,1.1469057919404944,56.0,78.0,no,drive07,74865
73,0.827956989247312,4,7.870967741935484,1.4449999999999952,1,4,7.870967741935484,0.4640000000000022,1,2.6363636363636362,0.432957,72.50645161290322,10.925281979595775,1.5149062005799026,57.0,94.0,no,drive07,75330
74,0.8130799823243483,6,10.929032258064515,1.3527999999999984,1,6,10.929032258064517,0.4616000000000051,1,2.1290322580645165,0.432872,73.09569892473118,10.692198079923577,1.4191524024721274,58.0,94.0,no,drive07,75795
69,0.8700189753320684,9,7.088709677419356,0.9124999999999946,1,6,10.438709677419356,0.5035999999999978,1,2.033452807646356,0.214867,67.85483870967742,5.967060408628522,1.153456918698685,58.0,88.0,no,drive07,76260
69,0.8785578747628084,9,6.564516129032258,0.614874999999995,1,7,8.645161290322582,0.3141666666666632,1,2.3955119214586253,0.241424,67.95806451612903,5.646900807258834,1.1947138683073624,57.0,88.0,no,drive07,76725
68,0.8791526239768896,6,10.916129032258064,1.1576000000000009,1,6,10.993548387096775,0.4702000000000018,1,2.599078341013825,0.183338,67.66021505376344,4.632125775609262,1.0380282708412436,57.0,83.0,no,drive07,77190
68,0.876263842079923,4,7.462365591397849,1.231333333333336,1,4,7.505376344086021,0.46000000000000335,1,2.443548387096774,0.149304,67.30322580645161,6.774437271601303,1.0851775586014218,57.0,93.0,no,drive07,77655
63,0.9594172736732569,1,60.0,0.0,0,1,60.0,0.0,0,3.8341013824884795,0.270852,62.10967741935484,6.083541422562005,1.0170770081334193,55.0,84.0,no,drive08,0
62,0.977260708619778,0,60.0,0.0,0,0,60.0,0.0,0,5.638709677419355,0.26999,59.50430107526882,3.9879499672904304,0.9537191377741813,52.0,68.0,no,drive08,465
64,0.9278033794162827,0,60.0,0.0,0,0,60.0,0.0,0,5.129032258064516,0.268505,59.94516129032258,3.9045332387745284,0.9671682501571008,52.0,68.0,no,drive08,930
67,0.8856304985337243,0,60.0,0.0,0,0,60.0,0.0,0,4.387096774193547,0.268517,61.20645161290322,3.4197970904911608,0.989721122826417,55.0,68.0,no,drive08,1395
69,0.8728652751423149,0,60.0,0.0,0,0,60.0,0.0,0,4.372208436724566,0.270403,62.15376344086022,3.7495536405257033,0.9732703185779159,55.0,70.0,no,drive08,1860
67,0.8944281524926686,0,60.0,0.0,0,0,60.0,0.0,0,5.187096774193549,0.270718,62.58709677419355,3.856212019738073,1.0213016452508212,56.0,70.0,no,drive08,2325
64,0.9278033794162827,0,60.0,0.0,0,0,60.0,0.0,0,5.720430107526882,0.270223,61.848387096774196,4.244619944566534,1.1033757770994315,54.0,70.0,no,drive08,2790
67,0.8993157380254154,0,60.0,0.0,0,0,60.0,0.0,0,4.909090909090909,0.269907,63.43225806451613,5.046049477685703,1.154389759060373,54.0,77.0,no,drive08,3255
68,0.890707751564757,0,60.0,0.0,0,0,60.0,0.0,0,3.3472485768500952,0.270903,65.30860215053764,5.607639871437653,1.1947138683073624,55.0,80.0,no,drive08,3720
66,0.9121588089330026,0,60.0,0.0,0,0,60.0,0.0,0,3.343453510436432,0.270357,64.65698924731183,6.003724611850393,1.245011574770789,55.0,80.0,no,drive08,4185
65,0.9223790322580646,0,60.0,0.0,0,0,60.0,0.0,0,3.772043010752688,0.268807,63.54408602150538,5.313473690465303,1.478951713233177,56.0,83.0,no,drive08,4650
67,0.8963831867057674,0,60.0,0.0,0,0,60.0,0.0,0,4.7859237536656885,0.268479,63.03763440860215,4.251461835335073,1.3290656494463369,57.0,83.0,no,drive08,5115
70,0.8564749883122955,0,60.0,0.0,0,0,60.0,0.0,0,5.167741935483872,0.268897,63.7,3.825115080143876,0.9782346085719752,57.0,72.0,no,drive08,5580
66,0.9101736972704715,0,60.0,0.0,0,0,60.0,0.0,0,4.467741935483871,0.269863,62.725806451612904,4.379704002022822,1.0452620048451364,56.0,72.0,no,drive08,6045
63,0.9521331945889698,0,60.0,0.0,0,0,60.0,0.0,0,4.462365591397849,0.268234,60.26881720430107,4.246288157570488,1.0757128960186941,54.0,70.0,no,drive08,6510
67,0.8973607038123167,0,60.0,0.0,0,0,60.0,0.0,0,4.272952853598015,0.268168,62.840860215053766,6.091810765266351,1.1231970362971089,54.0,82.0,no,drive08,6975
68,0.8830043331728454,0,60.0,0.0,0,0,60.0,0.0,0,4.213399503722084,0.268625,64.67956989247311,5.539352066838129,1.1843071489421662,52.0,82.0,no,drive08,7440
66,0.9191066997518611,0,60.0,0.0,0,0,60.0,0.0,0,5.593548387096774,0.268401,62.648387096774194,4.523537318477815,1.1469057919404944,52.0,72.0,no,drive08,7905
66,0.9181141439205955,0,60.0,0.0,0,0,60.0,0.0,0,5.632258064516129,0.269955,61.60215053763441,4.495732229394194,1.0930842391732467,54.0,70.0,no,drive08,8370
67,0.895405669599218,0,60.0,0.0,0,0,60.0,0.0,0,4.376344086021505,0.26881,60.543010752688176,4.630053713185318,1.1096988992209487,54.0,69.0,no,drive08,8835
67,0.8914956011730205,0,60.0,0.0,0,0,60.0,0.0,0,4.559139784946237,0.268083,60.4989247311828,4.505730989198399,1.1028878815296563,54.0,69.0,no,drive08,9300
64,0.9370199692780338,0,60.0,0.0,0,0,60.0,0.0,0,5.412903225806451,0.267948,62.876344086021504,4.84321713592224,1.3176780961690868,54.0,80.0,no,drive08,9765
67,0.89247311827957,0,60.0,0.0,0,0,60.0,0.0,0,4.56989247311828,0.268869,65.71075268817204,5.273303882962053,1.370926788104421,58.0,83.0,no,drive08,10230
66,0.9042183622828784,0,60.0,0.0,0,0,60.0,0.0,0,4.60752688172043,0.269857,64.75268817204301,7.0138969794435395,1.9476463121311927,55.0,88.0,no,drive08,10695
64,0.931899641577061,0,60.0,0.0,0,0,60.0,0.0,0,5.612903225806453,0.269103,61.410752688172046,6.094514762156925,1.858851341557674,55.0,88.0,no,drive08,11160
65,0.9294354838709677,0,60.0,0.0,0,0,60.0,0.0,0,5.143695014662757,0.268621,66.1268817204301,12.91623251259218,2.1298028734769865,55.0,100.0,no,drive08,11625
66,0.905210918114144,0,60.0,0.0,0,0,60.0,0.0,0,5.238709677419355,0.269086,67.04301075268818,12.912954217927554,2.4314055700944524,54.0,100.0,no,drive08,12090
67,0.8826979472140761,0,60.0,0.0,0,0,60.0,0.0,0,5.4,0.270747,64.73333333333333,8.927899165679728,2.9172291732936597,54.0,104.0,no,drive08,12555
68,0.8810784785748675,0,60.0,0.0,0,0,60.0,0.0,0,5.393548387096774,0.269754,70.70645161290322,13.170301442910148,3.3875921255431534,58.0,104.0,no,drive08,13020
83,0.7151848937844217,14,2.6650124069478904,0.8626923076923088,1,5,5.17741935483871,1.5257500000000028,1,1.0220713073005092,0.883554,87.48817204301075,27.361977580004716,6.341212782102566,58.0,212.0,stressed,drive08,13950
76,0.7896774193548386,16,3.109677419354839,0.8326666666666678,1,12,4.551319648093841,1.1799090909090915,1,0.8442396313364054,0.482927,79.77096774193548,27.058205205740254,6.313568009599697,64.0,212.0,stressed,drive08,14415
75,0.8038360941586749,13,4.03763440860215,0.9460000000000005,1,15,3.83410138248848,0.8695714285714284,1,0.7073732718894009,0.359023,72.8731182795699,7.831356050401519,2.1999119269972316,54.0,99.0,stressed,drive08,14880
73,0.8234767025089607,9,4.814516129032258,0.8137500000000011,1,10,4.924731182795699,1.0726666666666658,1,0.9308755760368664,0.325207,73.49462365591398,9.886586607663853,2.4954209949170862,54.0,101.0,stressed,drive08,15345
67,0.8866080156402737,6,11.238709677419354,2.720999999999998,1,7,9.462365591397848,1.8979999999999995,1,1.0483870967741935,0.317113,69.4236559139785,9.617696478836507,2.536917940581514,58.0,103.0,stressed,drive08,15810
68,0.8772267693789119,8,6.728110599078341,1.4489999999999987,1,8,6.764976958525346,1.2477142857142856,1,1.0230414746543777,0.312269,69.39032258064516,9.070293761957204,2.1388809282902264,58.0,103.0,stressed,drive08,16275
67,0.8954056695992179,8,7.142857142857143,0.8484285714285728,1,8,7.152073732718892,0.7250000000000034,1,1.109181141439206,0.276269,67.24623655913979,8.39025367937435,1.1760985291501331,56.0,90.0,stressed,drive08,16740
66,0.9121588089330026,9,5.709677419354838,1.3836250000000025,1,10,5.362007168458782,0.991333333333335,1,0.6987850858818601,0.273047,66.39462365591397,7.076705168449568,1.3594939855192736,56.0,96.0,stressed,drive08,17205
72,0.8405270331667424,10,5.978494623655914,1.5081111111111094,1,12,5.184750733137831,1.0639090909090918,1,0.7785527462946817,0.295209,70.41397849462365,6.729138873439315,1.368175893110494,59.0,96.0,stressed,drive08,17670
71,0.8460829493087557,7,7.881720430107527,1.28383333333333,1,11,5.619354838709677,1.0435000000000012,1,0.9795698924731183,0.292209,68.89784946236558,5.286958564151875,0.9098196511572292,59.0,82.0,stressed,drive08,18135
68,0.890707751564757,3,13.451612903225808,1.349499999999999,1,8,5.9631336405529956,1.330142857142857,1,0.876008064516129,0.28132,67.57741935483871,5.403993525943808,1.7716825302969241,60.0,93.0,stressed,drive08,18600
67,0.9012707722385142,5,8.32258064516129,0.9207499999999976,1,8,5.852534562211981,0.8838571428571422,1,0.8089330024813896,0.283808,67.10322580645162,5.984576082271435,1.8585617782968538,59.0,93.0,stressed,drive08,19065
66,0.9042183622828784,6,11.290322580645162,0.4293999999999979,1,7,9.46236559139785,0.6181666666666663,1,1.0870359099208766,0.2828,65.90967741935484,4.82114662032295,1.0462913128294986,59.0,82.0,stressed,drive08,19530
69,0.8662239089184061,8,5.686635944700461,0.8917142857142842,1,9,5.032258064516128,0.357124999999999,1,0.9412442396313364,0.313135,72.6989247311828,13.06310979642575,2.428304568743204,59.0,116.0,stressed,drive08,19995
70,0.8536699392239365,9,6.475806451612904,1.0533749999999993,1,13,4.344086021505376,0.516833333333334,1,0.7876344086021505,0.341148,76.5505376344086,13.57258957911099,3.453676221109666,61.0,116.0,stressed,drive08,20460
68,0.8820414058738567,7,7.569892473118279,1.5916666666666661,1,13,4.161290322580646,0.77425,1,0.6975332068311196,0.3238,74.94301075268817,15.340226813098422,4.474061110471873,60.0,148.0,stressed,drive08,20925
67,0.9012707722385142,7,7.50537634408602,0.9881666666666661,1,12,4.6275659824046915,0.687818181818182,1,0.7216248506571087,0.290185,73.14623655913978,15.968925194201965,4.202618487663677,60.0,148.0,stressed,drive08,21390
69,0.8681214421252371,6,10.374193548387098,1.3754000000000004,1,10,5.71326164874552,0.6990000000000021,1,0.7905376344086024,0.391911,71.69032258064516,12.213284363745288,3.0494665929658322,61.0,114.0,stressed,drive08,21855
69,0.8681214421252373,5,13.322580645161292,1.687000000000002,1,7,9.021505376344086,0.6616666666666663,1,1.0027337342810276,0.393685,70.96666666666667,11.866187920752363,2.5247962967635034,60.0,114.0,stressed,drive08,22320
71,0.8506912442396314,7,5.010752688172043,0.6371666666666665,1,8,4.165898617511521,0.5381428571428567,1,0.9594172736732569,0.289038,78.49569892473119,17.55453814424466,2.864541397253139,60.0,121.0,stressed,drive08,22785
73,0.8216845878136201,11,5.245161290322581,0.5714999999999991,1,14,4.193548387096774,0.508923076923075,1,0.7477253928866833,0.32548,80.54838709677419,15.406824440293564,3.426453161825358,64.0,121.0,stressed,drive08,23250
68,0.8801155512758788,8,7.373271889400921,0.4178571428571418,1,14,4.387096774193549,0.3567692307692291,1,0.8405529953917052,0.332974,69.24623655913979,6.936471464235062,2.4608888974859564,63.0,103.0,stressed,drive08,23715
70,0.8611500701262272,10,5.455197132616488,0.6888888888888894,1,13,4.064516129032258,0.3008333333333344,1,1.0564516129032258,0.40636,71.4505376344086,9.073429526196984,2.209432757716764,63.0,112.0,stressed,drive08,24180
70,0.8489948574100048,10,5.397849462365592,0.6259999999999998,1,13,4.634408602150537,0.421833333333334,1,0.967741935483871,0.467542,73.71827956989247,10.272742367537388,2.785283484749767,59.0,112.0,stressed,drive08,24645
65,0.9274193548387096,7,7.268817204301075,0.6449999999999995,1,9,5.475806451612904,0.484125,1,0.8681214421252371,0.3749,65.77849462365592,9.085281130362066,2.136363115847971,55.0,112.0,stressed,drive08,25110
61,0.9881720430107527,3,6.322580645161291,1.1025000000000007,1,6,7.083870967741936,0.5652000000000011,1,0.8415147265077142,0.272746,59.94408602150538,4.761075652512191,1.3606811439339788,46.0,84.0,stressed,drive08,25575
61,0.9795698924731183,2,17.29032258064516,1.9320000000000015,1,6,10.619354838709677,0.40879999999999805,1,0.7640067911714772,0.265898,60.464516129032255,6.094359196271641,1.6365049791627713,46.0,84.0,stressed,drive08,26040
61,0.9763440860215054,3,18.870967741935484,1.1140000000000008,1,10,5.949820788530466,0.24855555555555528,1,0.6907020872865275,0.264785,62.44516129032258,6.795610792949685,2.0391749951697933,56.0,84.0,stressed,drive08,26505
65,0.9193548387096775,4,15.419354838709678,1.0603333333333316,1,10,5.899641577060931,0.4147777777777768,1,0.6366536689117334,0.270561,64.21720430107527,8.622808260166428,2.660762211020606,57.0,91.0,stressed,drive08,26970
68,0.8868560423688013,5,13.306451612903226,1.515499999999999,1,8,7.714285714285714,1.0315714285714264,1,0.6715542521994134,0.291153,68.2494623655914,10.887603917565515,3.248250336346945,58.0,100.0,stressed,drive08,27435
67,0.89247311827957,5,10.080645161290322,1.1632499999999995,1,8,6.38709677419355,0.8101428571428573,1,0.7199055861526357,0.293594,72.5505376344086,10.863776484072906,3.6338025524665154,59.0,100.0,stressed,drive08,27900
66,0.9131513647642681,4,13.526881720430106,1.024000000000001,1,8,5.769585253456221,0.5861428571428589,1,0.7159716758457907,0.278868,70.70645161290322,10.375574153840946,3.3358799027409995,58.0,93.0,stressed,drive08,28365
64,0.9441884280593957,1,60.0,0.0,0,6,10.709677419354838,0.7526000000000017,1,0.6909227306826706,0.274886,66.38172043010752,9.44693665131103,2.868484332907848,54.0,96.0,stressed,drive08,28830
64,0.9349718381976447,1,60.0,0.0,0,8,6.95852534562212,0.584142857142857,1,0.6755654430849092,0.277814,67.29462365591398,11.540637555219632,2.7691985682578517,54.0,104.0,stressed,drive08,29295
71,0.8534562211981566,2,43.29032258064516,2.2499999999999982,1,7,7.526881720430107,0.3034999999999994,1,0.6766862170087976,0.274645,69.00537634408602,12.685991474736014,2.8033886921565276,57.0,104.0,stressed,drive08,29760
74,0.8166151126822803,5,9.516129032258064,0.638250000000004,1,6,8.064516129032258,0.5404000000000009,1,0.6488691138301816,0.273251,69.26021505376345,11.729066365368313,2.5470808974107575,56.0,99.0,stressed,drive08,30225
68,0.8743379874819451,7,8.505376344086022,0.8086666666666695,1,9,6.919354838709677,0.676000000000001,1,0.7716799329702556,0.282998,70.54193548387097,11.003463018724597,2.70529521020924,56.0,99.0,stressed,drive08,30690
68,0.8849301877708233,7,8.763440860215054,1.0680000000000007,1,11,5.258064516129032,0.5995000000000003,1,0.863745787193067,0.286334,69.64731182795698,10.816172592369476,3.2738320541258945,58.0,96.0,stressed,drive08,31155
70,0.8611500701262274,5,8.03225806451613,0.8802500000000009,1,10,5.2831541218638,0.41644444444444545,1,0.8875855327468231,0.280437,77.03333333333333,21.71427276187395,4.361367735618726,60.0,140.0,stressed,drive08,31620
69,0.8738140417457307,1,60.0,0.0,0,7,8.946236559139784,0.3473333333333355,1,1.0118845500848896,0.270764,77.93440860215054,20.82835636701379,3.9415809366129766,60.0,140.0,stressed,drive08,32085
65,0.9183467741935485,1,60.0,0.0,0,10,6.093189964157706,0.6311111111111107,1,0.996172772006561,0.267678,68.23655913978494,7.811210374539896,2.6249199075381924,58.0,90.0,stressed,drive08,32550
68,0.8820414058738565,4,10.580645161290322,0.3039999999999994,1,12,4.73900293255132,0.820454545454544,1,0.9183467741935484,0.459522,73.5,12.210364890235187,3.448061498106655,58.0,104.0,stressed,drive08,33015
70,0.8527349228611503,7,7.838709677419355,0.7710000000000014,1,9,5.806451612903226,0.7108749999999991,1,1.070967741935484,0.547113,75.8763440860215,12.051358713827529,3.420164355640085,60.0,104.0,stressed,drive08,33480
67,0.8944281524926686,6,11.445161290322579,0.9460000000000027,1,10,5.706093189964158,0.6212222222222213,1,1.0220713073005094,0.448234,70.96236559139786,10.84275104933964,3.0093145674338606,60.0,103.0,stressed,drive08,33945
64,0.9370199692780339,2,21.677419354838708,0.4339999999999984,1,9,4.758064516129032,0.7037500000000001,1,0.825268817204301,0.350928,66.89462365591397,9.888718081150492,2.678503510338887,56.0,100.0,stressed,drive08,34410
64,0.9370199692780338,2,12.32258064516129,3.4109999999999996,1,6,9.729032258064517,0.4101999999999997,1,0.7968613775065387,0.307791,63.57096774193548,7.331755655977594,2.36520343695211,56.0,93.0,stressed,drive08,34875
69,0.8690702087286527,4,14.774193548387096,2.134,1,10,5.010752688172042,0.6079999999999997,1,0.9042033235581624,0.38459,65.43548387096774,8.95224060571671,2.621021255533632,48.0,93.0,stressed,drive08,35340
72,0.8332576101771925,5,11.032258064516128,0.4465000000000004,1,14,4.2133995037220835,0.36930769230769206,1,0.7158958414302371,0.408342,73.26021505376345,14.303057345061491,3.3133776534986144,48.0,109.0,stressed,drive08,35805
69,0.8738140417457307,5,10.806451612903226,0.4205000000000001,1,11,5.058064516129032,0.4048000000000013,1,0.6654584994563247,0.354131,77.36881720430108,13.804179501849209,3.92625782879998,61.0,109.0,stressed,drive08,36270
67,0.9061583577712611,5,10.274193548387096,0.18875000000000003,1,9,5.911290322580645,0.360500000000002,1,0.7724731182795698,0.336236,74.18279569892474,12.124219284528648,3.76960251507187,59.0,99.0,stressed,drive08,36735
67,0.8993157380254156,5,13.241935483870968,0.034250000000001446,1,12,4.604105571847507,0.21990909090909083,1,0.8033583738400353,0.344968,72.64516129032258,13.106466565562227,3.599126792794825,59.0,101.0,stressed,drive08,37200
67,0.8914956011730206,4,14.236559139784946,0.18433333333333254,1,10,5.182795698924731,0.422111111111111,1,0.8064516129032258,0.334152,72.15483870967742,13.228012928979707,3.429122412029732,58.0,101.0,stressed,drive08,37665
67,0.9051808406647117,5,10.354838709677418,0.2839999999999989,1,8,7.059907834101382,0.38985714285714085,1,0.7659222497932175,0.298177,72.82150537634409,13.197766587386383,3.1402453744637038,58.0,96.0,stressed,drive08,38130
66,0.9101736972704716,5,13.064516129032258,0.25350000000000017,1,9,6.612903225806451,0.3357499999999992,1,0.6706676669167292,0.2846,75.79354838709678,16.829453229713067,3.867420710164329,58.0,120.0,stressed,drive08,38595
68,0.8887818969667792,3,20.161290322580644,0.4290000000000007,1,9,6.120967741935484,0.3525000000000026,1,0.8405797101449274,0.365856,76.7258064516129,16.683359833000598,4.413625053638016,61.0,120.0,stressed,drive08,39060
68,0.8916706788637458,3,19.58064516129032,0.1490000000000025,1,8,7.271889400921659,0.27300000000000096,1,1.232669869595058,0.467834,70.02688172043011,11.903118230516988,3.3848901256230413,56.0,103.0,stressed,drive08,39525
66,0.9042183622828786,3,25.225806451612904,1.303000000000002,1,9,7.209677419354839,0.5623749999999995,1,1.2354152367879203,0.469375,67.08817204301076,10.538142186580838,2.8348895027854666,55.0,100.0,stressed,drive08,39990
70,0.8555399719495091,3,11.258064516129032,0.6684999999999979,1,8,7.115207373271891,1.019714285714287,1,0.9774193548387097,0.371762,71.17849462365591,12.935920227894274,3.373262818875799,55.0,100.0,stressed,drive08,40455
69,0.8700189753320684,4,13.806451612903226,0.7869999999999994,1,7,7.537634408602151,0.7326666666666669,1,0.8748778103616813,0.285157,69.7258064516129,12.334630009364503,2.805691585775011,57.0,96.0,stressed,drive08,40920
63,0.9583766909469303,2,17.35483870967742,0.6360000000000006,1,7,6.978494623655915,0.3953333333333327,1,0.8895405669599218,0.285212,62.95483870967742,8.836514129634647,1.9644307468859998,53.0,94.0,stressed,drive08,41385
63,0.9427679500520291,1,60.0,0.0,0,5,14.016129032258066,0.3457499999999982,1,0.7020872865275142,0.296357,59.880645161290325,6.098805771774621,2.234864172310254,52.0,80.0,stressed,drive08,41850
70,0.8546049555867228,2,24.129032258064516,2.5980000000000003,1,7,6.956989247311828,1.2594999999999998,1,0.6744868035190617,0.392563,65.0752688172043,11.612781759619635,3.1023099834775536,52.0,101.0,stressed,drive08,42315
74,0.8157313300927972,1,60.0,0.0,0,6,8.658064516129032,1.5393999999999992,1,0.7041699449252558,0.384936,65.08494623655913,11.223740643358058,2.6971260069793215,55.0,101.0,stressed,drive08,42780
73,0.8154121863799283,1,60.0,0.0,0,5,10.725806451612904,1.376750000000001,1,0.7282258064516128,0.292271,64.27311827956989,12.353512754399324,2.590036386277028,55.0,103.0,stressed,drive08,43245
74,0.8183826778612462,2,25.677419354838708,0.8759999999999994,1,7,7.709677419354839,0.48949999999999916,1,0.837800999545661,0.304296,65.70537634408602,13.02789699557002,2.868484332907848,53.0,103.0,stressed,drive08,43710
73,0.8261648745519713,2,28.129032258064516,0.8329999999999999,1,7,6.516129032258064,0.34816666666666674,1,0.7750314201927104,0.345279,66.18709677419355,10.194635167328737,3.2030327394232185,53.0,93.0,stressed,drive08,44175
74,0.8077772867874502,2,44.45161290322581,1.1760000000000002,1,8,7.474654377880185,0.4520000000000011,1,0.7708420611646418,0.368581,68.11827956989248,11.102503313929663,3.599724902776984,55.0,95.0,stressed,drive08,44640
75,0.802092414995641,1,60.0,0.0,0,9,5.903225806451613,0.34162500000000107,1,0.8060097216084843,0.351771,64.78279569892473,10.727119923888557,2.6416796692074502,52.0,100.0,stressed,drive08,45105
74,0.8130799823243482,0,60.0,0.0,0,7,8.623655913978494,0.34,1,0.8527349228611499,0.361927,68.77311827956989,12.305393867459983,2.8083759082779336,52.0,101.0,stressed,drive08,45570
75,0.8064516129032259,2,29.419354838709676,3.934999999999997,1,7,8.78494623655914,1.4718333333333344,1,0.8015908086610694,0.409734,71.4279569892473,12.223178806152772,3.3447418689751456,57.0,109.0,stressed,drive08,46035
72,0.8423443889141299,2,11.870967741935484,0.9099999999999944,1,10,5.412186379928316,1.3311111111111114,1,0.7741935483870968,0.419615,66.04086021505377,10.332870990965873,2.8227127399110192,57.0,109.0,stressed,drive08,46500
69,0.8605313092979127,2,34.903225806451616,1.810000000000004,1,7,5.752688172043011,0.701499999999999,1,0.7918692001767565,0.359207,64.79032258064517,10.388171152611115,2.75321516716868,46.0,89.0,stressed,drive08,46965
74,0.8060097216084843,3,20.064516129032256,1.0019999999999996,1,6,9.948387096774194,0.5172000000000001,1,0.9233870967741935,0.428752,70.32795698924731,14.135708353839815,3.773170255667797,46.0,107.0,stressed,drive08,47430
75,0.8012205754141238,4,13.053763440860216,0.7719999999999988,1,7,8.838709677419356,0.6866666666666671,1,0.8913151364764268,0.431929,74.74193548387096,13.760081915396373,4.530366385951363,60.0,107.0,stressed,drive08,47895
74,0.8139637649138312,5,10.79032258064516,0.5905000000000001,1,5,11.322580645161292,0.8669999999999994,1,0.8620850864890135,0.302589,69.76774193548387,12.026218323280565,3.7683173015621922,57.0,101.0,stressed,drive08,48360
70,0.8517999064983637,3,24.0,1.758000000000002,1,5,14.161290322580644,1.133749999999999,1,1.294623655913978,0.281908,65.98817204301075,13.584259941710098,2.501237583881748,53.0,114.0,stressed,drive08,48825
70,0.847124824684432,3,13.548387096774192,0.5405000000000026,1,8,5.723502304147465,0.6637142857142843,1,1.6852394916911044,0.286129,71.71182795698925,17.68094685260973,3.2089084825038308,53.0,114.0,stressed,drive08,49290
71,0.8479262672811059,4,16.10752688172043,0.7783333333333337,1,9,6.57258064516129,0.4033749999999998,1,1.2659498207885302,0.283507,72.71397849462366,14.632631021904208,3.414336897231046,55.0,104.0,stressed,drive08,49755
69,0.8671726755218216,3,12.903225806451612,0.244,1,7,5.516129032258064,0.4678333333333353,1,1.0930521091811416,0.273822,67.0763440860215,10.435958285848521,2.8840155596175716,55.0,94.0,stressed,drive08,50220
71,0.8423963133640551,1,60.0,0.0,0,4,2.9247311827956985,0.3260000000000008,1,1.7229601518026567,0.267963,62.70537634408602,9.166985710085008,2.261437857662441,52.0,94.0,stressed,drive08,50685
75,0.8047079337401918,0,60.0,0.0,0,0,60.0,0.0,0,2.8129032258064512,0.266875,62.30537634408602,8.174920546013517,2.5559403359774318,52.0,83.0,stressed,drive08,51150
79,0.7551695616211745,1,60.0,0.0,0,2,4.645161290322581,0.0219999999999983,1,1.114484503478811,0.266284,66.58279569892473,9.775662380614751,3.3034541729152425,54.0,88.0,stressed,drive08,51615
78,0.7666527021365732,1,60.0,0.0,0,4,12.473118279569894,0.24366666666666578,1,0.8014538845979099,0.265344,82.89784946236558,45.107318812238795,8.008203544135583,56.0,225.0,stressed,drive08,52080
74,0.8121961997348653,1,60.0,0.0,0,6,7.858064516129032,0.47079999999999933,1,0.8500948766603417,0.273225,83.71182795698925,44.86477615757518,7.888485429291086,59.0,225.0,stressed,drive08,52545
71,0.8525345622119817,1,60.0,0.0,0,8,6.046082949308756,0.4937142857142855,1,0.8887818969667789,0.281643,70.68387096774194,10.84757829693254,3.0698716501397154,58.0,100.0,stressed,drive08,53010
69,0.8681214421252372,1,60.0,0.0,0,9,6.483870967741935,0.5595000000000028,1,0.960215053763441,0.291113,70.70645161290322,11.657147942856227,3.433514300552574,56.0,99.0,stressed,drive08,53475
69,0.8614800759013284,3,27.032258064516128,0.5089999999999997,1,10,5.992831541218638,0.745111111111114,1,1.0152801358234296,0.299671,73.29462365591398,13.212134904296613,3.9013673736632617,51.0,100.0,stressed,drive08,53940
70,0.8602150537634409,3,17.516129032258064,0.3045000000000006,1,8,8.23963133640553,0.7654285714285728,1,1.055718475073314,0.290001,74.80860215053764,13.178914863172462,4.015845900834157,51.0,101.0,stressed,drive08,54405
69,0.8776091081593929,1,60.0,0.0,0,6,7.858064516129032,0.2956000000000005,1,1.072140762463343,0.27704,70.60537634408603,12.049011609768813,3.5200486834875897,56.0,101.0,stressed,drive08,54870
70,0.8480598410472183,0,60.0,0.0,0,5,12.580645161290324,0.5802499999999995,1,1.3855606758832564,0.27175,66.42903225806451,9.791691459810234,3.1622776601683795,56.0,94.0,stressed,drive08,55335
76,0.7853763440860214,2,24.258064516129032,8.049116928532385e-16,1,7,6.139784946236559,0.5711666666666654,1,1.168010752688172,0.281585,73.10752688172043,20.145045211462246,4.1487414928102915,53.0,132.0,stressed,drive08,55800
75,0.7968613775065388,2,12.516129032258064,0.17200000000000118,1,10,6.179211469534049,0.4087777777777764,1,0.7959895379250218,0.293905,76.29032258064517,19.995903153063487,4.5198997864615915,53.0,132.0,stressed,drive08,56265
73,0.82168458781362,2,24.258064516129032,0.09200000000000091,1,12,5.290322580645162,0.26500000000000035,1,0.8118279569892474,0.291702,70.34516129032258,12.174722766303594,3.4735661793253416,54.0,103.0,stressed,drive08,56730
71,0.8414746543778802,0,60.0,0.0,0,8,7.732718894009216,0.21214285714285785,1,1.0222469410456063,0.279387,65.00430107526881,11.951784084021687,2.7191859099585516,50.0,103.0,stressed,drive08,57195
77,0.7767402376910018,1,60.0,0.0,0,10,4.07168458781362,0.4612222222222228,1,0.8359447004608294,0.282921,64.8505376344086,12.622995943620898,3.3966360867975878,47.0,95.0,stressed,drive08,57660
81,0.7370967741935484,2,10.516129032258064,0.44400000000000184,1,14,4.26302729528536,0.39861538461538576,1,0.6937381404174573,0.353484,71.9268817204301,15.003978968926491,4.005512885618624,47.0,106.0,stressed,drive08,58125
75,0.7942458587619878,5,8.967741935483872,0.31074999999999625,1,12,5.249266862170088,0.6687272727272716,1,0.6403052375997225,0.394526,87.51612903225806,39.363569452850335,4.720839902648366,57.0,225.0,stressed,drive08,58590
74,0.8077772867874502,7,8.763440860215054,0.49499999999999617,1,12,4.756598240469208,0.7207272727272714,1,0.5665130568356375,0.362626,108.74516129032259,56.15924557616193,7.323965703603241,60.0,232.0,stressed,drive08,59055
80,0.754593711719069,9,6.435483870967742,0.654124999999999,1,12,4.997067448680351,0.49163636363636287,1,0.6709677419354839,0.474386,153.18709677419355,67.69728195462797,8.947761324675488,60.0,232.0,stressed,drive08,59520
71,0.8433179723502304,3,5.193548387096774,0.13049999999999923,1,3,4.258064516129032,0.5690000000000017,1,2.088410991636798,0.576963,81.48494623655914,28.13535428035304,5.479878056047381,58.0,212.0,no,drive08,60450
69,0.8662239089184061,0,60.0,0.0,0,1,60.0,0.0,0,4.868035190615836,0.273922,73.89462365591397,15.742131440110642,3.613900921556767,54.0,106.0,no,drive08,60915
73,0.8216845878136201,0,60.0,0.0,0,0,60.0,0.0,0,3.8666666666666667,0.270375,72.27741935483871,15.663683969322422,3.745970206494444,54.0,107.0,no,drive08,61380
72,0.8368923216719674,0,60.0,0.0,0,0,60.0,0.0,0,3.849462365591398,0.269306,66.85483870967742,12.518863325097852,3.0494665929658322,55.0,107.0,no,drive08,61845
71,0.8506912442396313,0,60.0,0.0,0,0,60.0,0.0,0,4.703812316715543,0.270625,78.21935483870968,44.98866346585528,6.765326657252598,55.0,212.0,no,drive08,62310
74,0.7998232434821033,0,60.0,0.0,0,0,60.0,0.0,0,5.6272401433691766,0.272308,77.66774193548387,45.14576549592412,6.720468229112799,54.0,212.0,no,drive08,62775
78,0.7624633431085044,0,60.0,0.0,0,0,60.0,0.0,0,5.4,0.270766,62.56666666666667,9.269928643788576,1.9071560892496737,53.0,89.0,no,drive08,63240
73,0.8189964157706093,0,60.0,0.0,0,0,60.0,0.0,0,4.806451612903226,0.268087,65.04516129032258,11.283640418899289,2.3844671376804816,53.0,90.0,no,drive08,63705
75,0.7994768962510898,0,60.0,0.0,0,0,60.0,0.0,0,4.607526881720431,0.26987,63.784946236559136,10.719040903939835,2.584211397472069,46.0,90.0,no,drive08,64170
82,0.73436877737953,0,60.0,0.0,0,0,60.0,0.0,0,4.43010752688172,0.271323,60.5989247311828,8.141847226714082,2.261675841126153,46.0,82.0,no,drive08,64635
78,0.7624633431085043,0,60.0,0.0,0,0,60.0,0.0,0,4.838709677419355,0.272058,61.26559139784946,8.606161766384206,2.446411664518625,43.0,82.0,no,drive08,65100
80,0.7537770518579011,0,60.0,0.0,0,0,60.0,0.0,0,4.93841642228739,0.27273,63.81720430107527,9.44781505896303,2.8441771006705037,43.0,86.0,no,drive08,65565
80,0.7496937525520619,0,60.0,0.0,0,0,60.0,0.0,0,5.090909090909091,0.271615,62.85376344086021,8.678989078683689,2.4746290672446443,51.0,86.0,no,drive08,66030
82,0.7327757865392274,0,60.0,0.0,0,0,60.0,0.0,0,4.832844574780059,0.270688,63.178494623655915,10.171347585857868,2.488509654672723,51.0,93.0,no,drive08,66495
79,0.7477253928866832,0,60.0,0.0,0,0,60.0,0.0,0,4.672043010752688,0.269441,62.480645161290326,9.152363324435749,2.1898582168003107,53.0,93.0,no,drive08,66960
74,0.8033583738400353,0,60.0,0.0,0,0,60.0,0.0,0,5.026392961876834,0.270454,59.22043010752688,5.9060577456182575,1.5982363800052994,53.0,88.0,no,drive08,67425
74,0.8051259390190013,0,60.0,0.0,0,0,60.0,0.0,0,5.727598566308243,0.272219,59.06021505376344,7.703136350290785,2.0190161625903,50.0,88.0,no,drive08,67890
80,0.7496937525520619,0,60.0,0.0,0,0,60.0,0.0,0,5.878136200716845,0.271526,58.20752688172043,7.747420473371305,1.8513079773840824,43.0,83.0,no,drive08,68355
80,0.748877092690894,0,60.0,0.0,0,0,60.0,0.0,0,4.803519061583578,0.2707,61.63978494623656,10.992975663224517,2.2375116888161286,43.0,91.0,no,drive08,68820
78,0.7658148303309593,0,60.0,0.0,0,0,60.0,0.0,0,4.655913978494623,0.271006,61.07419354838709,10.665484510021416,2.307380399003393,51.0,91.0,no,drive08,69285
82,0.7303863002787734,0,60.0,0.0,0,0,60.0,0.0,0,4.739002932551319,0.271912,61.07311827956989,10.730372327013287,2.360647956149764,51.0,95.0,no,drive08,69750
84,0.7174504469490867,0,60.0,0.0,0,0,60.0,0.0,0,4.424731182795699,0.272936,62.66129032258065,10.233421234515104,2.408497693794171,46.0,95.0,no,drive08,70215
84,0.7112320248736882,0,60.0,0.0,0,0,60.0,0.0,0,4.2133995037220835,0.273154,61.18709677419355,7.301306788417519,1.9583939290871661,46.0,82.0,no,drive08,70680
77,0.7758913412563668,0,60.0,0.0,0,0,60.0,0.0,0,4.312655086848635,0.27081,63.00322580645161,8.0061126057868,1.970722193359964,53.0,82.0,no,drive08,71145
74,0.8015908086610692,0,60.0,0.0,0,0,60.0,0.0,0,4.63978494623656,0.270017,62.898924731182795,7.856406120063222,2.23895446920602,53.0,81.0,no,drive08,71610
80,0.7488770926908942,0,60.0,0.0,0,0,60.0,0.0,0,4.801075268817205,0.270351,60.61397849462366,7.505440197528543,2.1056589906047813,49.0,79.0,no,drive08,72075
80,0.7529603919967331,0,60.0,0.0,0,0,60.0,0.0,0,4.758064516129033,0.268919,60.2505376344086,7.168526245202255,1.9633345242856306,49.0,81.0,no,drive08,72540
73,0.8234767025089605,0,60.0,0.0,0,0,60.0,0.0,0,4.218362282878411,0.270954,58.49032258064516,6.539245698438306,1.7652914877148458,43.0,81.0,no,drive08,73005
74,0.8068935041979672,0,60.0,0.0,0,0,60.0,0.0,0,4.059907834101383,0.272349,56.25483870967742,4.851848470030363,1.4891064788959094,43.0,79.0,no,drive08,73470
74,0.8148475475033143,0,60.0,0.0,0,1,60.0,0.0,0,1.9666295884315905,2.771569,73.9258064516129,11.192541710488895,2.336585974251743,49.0,104.0,no,drive09,0
72,0.8423443889141299,0,60.0,0.0,0,0,60.0,0.0,0,3.2144212523719164,0.368063,68.90752688172043,4.672275505555619,1.26261130129984,49.0,76.0,no,drive09,465
73,0.8243727598566308,0,60.0,0.0,0,0,60.0,0.0,0,3.3588709677419355,0.368313,71.15376344086022,3.5010001378956197,1.0202471259760708,64.0,80.0,no,drive09,930
74,0.8174988952717632,0,60.0,0.0,0,0,60.0,0.0,0,3.10752688172043,0.3686,72.76989247311828,4.577499550953076,1.2010042443027227,64.0,86.0,no,drive09,1395
73,0.8243727598566308,0,60.0,0.0,0,0,60.0,0.0,0,3.136200716845878,0.366883,71.25806451612904,5.04581850901766,1.1719726591887283,64.0,86.0,no,drive09,1860
69,0.8747628083491461,0,60.0,0.0,0,0,60.0,0.0,0,3.8894009216589858,0.364551,67.73010752688172,3.1193563213274804,1.0375096456423243,60.0,72.0,no,drive09,2325
67,0.8993157380254155,0,60.0,0.0,0,0,60.0,0.0,0,4.267990074441687,0.365344,66.25591397849462,5.189639438147571,1.6371626062655305,48.0,74.0,no,drive09,2790
67,0.9002932551319649,0,60.0,0.0,0,0,60.0,0.0,0,3.703225806451613,0.361884,65.58494623655913,6.07336767284697,1.7970194195952873,48.0,74.0,no,drive09,3255
64,0.931899641577061,0,60.0,0.0,0,0,60.0,0.0,0,3.39516129032258,0.356238,63.655913978494624,6.172597479871361,1.4981150697158732,45.0,73.0,no,drive09,3720
64,0.9329237071172556,0,60.0,0.0,0,0,60.0,0.0,0,3.940092165898617,0.354156,61.93118279569892,5.663844556494653,1.5948652807445634,45.0,81.0,no,drive09,4185
64,0.9431643625192012,0,60.0,0.0,0,0,60.0,0.0,0,3.711827956989247,0.354544,61.75483870967742,5.9066304301608,1.7579589887830922,46.0,85.0,no,drive09,4650
64,0.9400921658986178,0,60.0,0.0,0,0,60.0,0.0,0,3.508064516129032,0.355484,63.63333333333333,5.72637424616733,1.5346728209570548,46.0,85.0,no,drive09,5115
65,0.9203629032258065,0,60.0,0.0,0,0,60.0,0.0,0,3.653225806451613,0.356157,64.62150537634409,4.702638231460357,1.280389472501126,46.0,72.0,no,drive09,5580
65,0.9223790322580645,0,60.0,0.0,0,0,60.0,0.0,0,3.3017077798861476,0.356631,64.06021505376344,4.472451873436258,1.2125998011371997,46.0,72.0,no,drive09,6045
65,0.9223790322580645,0,60.0,0.0,0,0,60.0,0.0,0,3.3396584440227706,0.357554,63.73010752688172,3.2924248326667307,1.0549998852152025,56.0,72.0,no,drive09,6510
67,0.9012707722385143,0,60.0,0.0,0,0,60.0,0.0,0,3.536290322580645,0.457225,62.8,4.107794845732155,1.3857649354795842,55.0,81.0,no,drive09,6975
66,0.9101736972704715,0,60.0,0.0,0,0,60.0,0.0,0,3.495967741935484,0.464753,61.47096774193548,4.591918582442052,1.418014196913419,53.0,81.0,no,drive09,7440
64,0.9339477726574501,0,60.0,0.0,0,0,60.0,0.0,0,3.439516129032258,0.393173,61.01397849462366,3.467331141793259,1.0213016452508212,53.0,68.0,no,drive09,7905
65,0.9304435483870968,0,60.0,0.0,0,0,60.0,0.0,0,3.28673835125448,0.404748,61.27956989247312,3.4973587311823486,0.9798837830081525,52.0,69.0,no,drive09,8370
64,0.9380440348182284,0,60.0,0.0,0,0,60.0,0.0,0,3.286527514231499,0.42109,59.68709677419355,4.171581423306983,1.116950330544827,50.0,69.0,no,drive09,8835
65,0.9102822580645162,0,60.0,0.0,0,0,60.0,0.0,0,3.903225806451612,0.422811,61.38279569892473,4.638052605244335,1.1336899753337455,50.0,70.0,no,drive09,9300
75,0.8012205754141238,0,60.0,0.0,0,0,60.0,0.0,0,3.57258064516129,0.614053,71.03118279569892,10.04688448467017,1.0213016452508212,57.0,90.0,no,drive09,9765
75,0.8064516129032259,0,60.0,0.0,0,0,60.0,0.0,0,3.3206831119544593,0.604368,73.24301075268818,8.74397362795291,1.07320832243182,60.0,90.0,no,drive09,10230
67,0.8905180840664713,0,60.0,0.0,0,0,60.0,0.0,0,3.172043010752688,0.370513,68.3225806451613,4.033892142012331,1.4286021832765174,60.0,86.0,no,drive09,10695
65,0.9173387096774194,0,60.0,0.0,0,0,60.0,0.0,0,3.6301075268817202,0.366702,66.01827956989247,5.21708207978531,1.5318646341194373,50.0,86.0,no,drive09,11160
64,0.9431643625192012,0,60.0,0.0,0,0,60.0,0.0,0,4.543010752688172,0.365864,62.10215053763441,5.400447581901458,1.4694594540818495,44.0,71.0,no,drive09,11625
64,0.9421402969790069,0,60.0,0.0,0,0,60.0,0.0,0,4.56575682382134,0.363745,64.37956989247311,9.671541883053223,2.1544256900207333,44.0,88.0,no,drive09,12090
64,0.9288274449564773,0,60.0,0.0,0,0,60.0,0.0,0,4.387096774193548,0.401679,67.1,11.529657876653937,2.7639459476067385,45.0,90.0,no,drive09,12555
64,0.9400921658986177,0,60.0,0.0,0,0,60.0,0.0,0,4.392473118279569,0.401259,64.67956989247311,9.127208045000835,2.329896489844719,45.0,90.0,no,drive09,13020
65,0.9284274193548387,0,60.0,0.0,0,0,60.0,0.0,0,3.9447004608294933,0.361428,64.62795698924731,8.154639362837269,2.7178000347824542,50.0,95.0,no,drive09,13485
84,0.7104547221142635,6,5.290322580645161,0.9401999999999999,1,3,15.129032258064516,2.708499999999999,1,1.0529953917050692,6.138065,88.24408602150538,31.562186312259875,7.363249154109195,58.0,232.0,stressed,drive09,14415
79,0.7667493796526055,12,5.126099706744868,0.588272727272727,1,6,9.98709677419355,0.9398,1,0.7159716758457907,3.493151,75.4247311827957,8.696138753999534,1.713305117050652,58.0,101.0,stressed,drive09,14880
76,0.786236559139785,12,4.868035190615837,0.7186363636363627,1,8,7.336405529953916,0.4865714285714288,1,0.7634408602150538,1.875024,74.68494623655914,6.093244033072356,1.1888430029585617,65.0,87.0,stressed,drive09,15345
77,0.7809847198641766,11,5.670967741935484,1.1232999999999984,1,8,7.778801843317972,0.5907142857142861,1,0.9203629032258065,1.802049,75.68064516129033,5.6389726446395105,1.2600510864966032,64.0,87.0,stressed,drive09,15810
74,0.8104286345558993,9,5.612903225806452,1.1437499999999978,1,7,7.526881720430107,0.5776666666666662,1,0.8666345690900337,1.22913,73.50322580645161,6.048414910330314,1.5212877667692761,54.0,84.0,stressed,drive09,16275
70,0.8583450210378681,5,7.645161290322581,1.0522499999999972,1,4,10.172043010752688,0.6976666666666654,1,1.1464019851116625,0.76656,68.83225806451613,7.344944297208906,1.6236280123529863,49.0,84.0,stressed,drive09,16740
68,0.8907077515647569,4,18.752688172043012,1.6583333333333303,1,5,14.096774193548388,0.7615000000000018,1,1.0391705069124424,0.416757,68.23870967741935,9.680987155944493,1.8021037819460337,49.0,109.0,stressed,drive09,17205
74,0.8121961997348653,5,12.129032258064516,1.147999999999998,1,9,6.919354838709677,0.41237500000000016,1,0.8807429130009775,1.809537,74.79569892473118,11.462570354643853,2.138125895874529,53.0,109.0,stressed,drive09,17670
77,0.7809847198641765,5,12.564516129032256,0.6504999999999994,1,7,8.849462365591398,0.3574999999999997,1,1.097968936678614,2.761157,75.86236559139785,8.488599742405873,1.7101608583592187,53.0,109.0,stressed,drive09,18135
74,0.8121961997348653,5,10.951612903225806,0.8339999999999983,1,6,8.709677419354838,0.3238000000000004,1,1.086021505376344,2.478643,73.90430107526882,3.9946850166780314,0.9256539886920412,65.0,88.0,stressed,drive09,18600
72,0.825988187187642,2,15.612903225806452,0.7489999999999986,1,4,7.698924731182795,0.20800000000000218,1,1.5379250217959897,2.328485,72.13333333333334,5.671610746408939,1.560064032248275,63.0,111.0,stressed,drive09,19065
73,0.8270609318996416,4,6.451612903225807,0.523666666666661,1,2,18.903225806451612,0.9740000000000042,1,2.448924731182796,1.964891,74.03225806451613,10.413444177232021,1.9864991031359558,63.0,111.0,stressed,drive09,19530
72,0.8396183552930486,5,8.403225806451612,0.7557499999999944,1,3,17.225806451612904,0.5305000000000024,1,2.11166253101737,1.3151,73.03870967741935,10.401437372321983,1.7101608583592187,62.0,111.0,stressed,drive09,19995
67,0.8963831867057674,3,24.0,0.8389999999999982,1,3,23.387096774193548,0.22549999999999976,1,2.0155728587319244,1.289525,67.87849462365591,6.879396533023318,2.4516860040894324,60.0,91.0,stressed,drive09,20460
67,0.8944281524926686,4,12.580645161290322,0.7819999999999996,1,5,11.03225806451613,0.4537499999999989,1,1.836693548387097,0.762602,68.25483870967741,7.532481864465494,2.8927733721399425,55.0,94.0,stressed,drive09,20925
67,0.8963831867057674,2,3.5483870967741935,1.4819999999999984,1,4,14.258064516129032,0.36066666666666514,1,1.8989247311827957,0.834598,68.02043010752688,6.941740030692391,2.5506705676069585,55.0,96.0,stressed,drive09,21390
66,0.9101736972704715,1,60.0,0.0,0,4,10.043010752688172,0.11366666666666699,1,2.2270967741935483,0.611639,66.88602150537635,5.630553963423261,2.1834587073730094,60.0,96.0,stressed,drive09,21855
67,0.9042033235581624,3,23.67741935483871,0.26449999999999907,1,5,11.806451612903226,0.16550000000000076,1,2.502103786816269,0.630089,67.94086021505376,7.387125338411851,2.428526200155954,60.0,96.0,stressed,drive09,22320
65,0.9173387096774194,1,60.0,0.0,0,4,13.225806451612902,0.270666666666668,1,3.062818336162988,0.633273,66.9268817204301,8.50622971943348,2.7937728694493122,49.0,91.0,stressed,drive09,22785
69,0.8757115749525617,4,6.387096774193548,1.3360000000000003,1,6,9.251612903225807,0.8835999999999998,1,2.069124423963134,0.922351,67.86666666666666,7.78345824310905,2.473106151502295,49.0,101.0,stressed,drive09,23250
74,0.8148475475033142,9,5.346774193548387,0.9496250000000012,1,11,4.258064516129033,0.35970000000000024,1,1.206989247311828,1.765404,73.35806451612903,7.247228948825743,1.8083647288268525,58.0,101.0,stressed,drive09,23715
72,0.8250795093139482,7,8.10752688172043,0.5623333333333336,1,10,5.440860215053764,0.3808888888888899,1,0.9571655208884188,1.777081,73.62795698924731,9.697315509158788,1.6777528669187998,62.0,116.0,stressed,drive09,24180
71,0.8442396313364057,5,8.483870967741934,0.9117499999999947,1,9,5.919354838709677,1.0108750000000004,1,0.812144212523719,1.190329,71.82688172043011,13.442875074787107,2.755169326806553,52.0,116.0,stressed,drive09,24645
70,0.8564749883122955,5,9.870967741935484,2.4517499999999988,1,7,7.989247311827957,0.9728333333333317,1,0.9508196721311474,1.401839,69.89462365591397,11.788625514665895,2.962267190963135,52.0,116.0,stressed,drive09,25110
68,0.8772267693789121,6,8.309677419354838,2.4129999999999994,1,8,6.276497695852534,1.0011428571428582,1,0.9774193548387099,1.186648,67.5741935483871,6.833297716547197,2.4004395004829866,49.0,95.0,stressed,drive09,25575
68,0.8830043331728455,7,8.344086021505376,1.8516666666666655,1,11,5.006451612903226,0.5967999999999999,1,0.7707979626485568,0.695529,67.46989247311828,6.670078991427225,2.1234758353347956,49.0,95.0,stressed,drive09,26040
68,0.8762638420799231,5,10.82258064516129,1.1594999999999982,1,11,4.625806451612903,0.2745999999999994,1,0.9011446409989595,0.699049,69.39677419354838,8.75917892274295,3.1227144494543526,49.0,114.0,stressed,drive09,26505
70,0.8592800374006546,4,9.13978494623656,1.8050000000000004,1,8,7.539170506912441,0.5769999999999994,1,1.1389578163771712,1.184063,70.11397849462365,8.598944563866006,2.9218378986753577,53.0,114.0,stressed,drive09,26970
71,0.8442396313364056,5,11.951612903225806,2.7257500000000006,1,7,7.967741935483869,0.9335000000000014,1,0.838709677419355,1.336473,70.71935483870968,7.758987269917038,1.5935148441935618,53.0,97.0,stressed,drive09,27435
75,0.801220575414124,4,11.419354838709678,0.6033333333333332,1,5,10.983870967741936,0.6547500000000015,1,1.0738351254480287,1.335221,74.42150537634409,7.972585412772295,1.488383436134712,60.0,97.0,stressed,drive09,27900
76,0.7879569892473118,5,12.483870967741936,0.5842500000000003,1,4,16.602150537634408,0.3640000000000004,1,1.3655913978494623,1.266314,76.3021505376344,7.756238952418617,1.2591965247933574,65.0,96.0,stressed,drive09,28365
78,0.7750314201927105,5,13.080645161290324,0.6185000000000007,1,3,11.741935483870968,0.7854999999999982,1,0.9094693028095733,1.976491,76.49247311827958,6.775227434331026,1.2187978689779484,64.0,96.0,stressed,drive09,28830
76,0.7956989247311829,4,17.591397849462364,2.2326666666666672,1,3,26.677419354838708,1.242499999999998,1,1.293189964157706,2.687358,73.93225806451613,5.078388985307336,0.9525898074339899,63.0,84.0,stressed,drive09,29295
71,0.8516129032258066,3,9.161290322580644,2.6195000000000013,1,4,6.064516129032259,0.6080000000000002,1,1.3746898263027294,2.375369,69.70215053763441,4.009464032361531,0.9615873134894927,63.0,80.0,stressed,drive09,29760
71,0.8405529953917051,3,20.161290322580644,2.152999999999999,1,4,13.268817204301074,0.6556666666666665,1,1.3833458364591147,2.105877,71.08387096774193,6.405932907349109,0.9978448250809324,62.0,88.0,stressed,drive09,30225
74,0.8068935041979675,5,6.774193548387096,1.1784999999999988,1,7,7.086021505376344,0.6703333333333344,1,1.0794044665012408,1.722041,74.93548387096774,8.846366670022928,1.805386033461267,62.0,106.0,stressed,drive09,30690
72,0.83507496592458,5,8.016129032258064,0.9894999999999996,1,9,6.338709677419355,0.6021250000000005,1,0.9042498719918076,1.055363,72.85806451612903,8.049261270861468,1.7846975423151532,63.0,106.0,stressed,drive09,31155
71,0.8433179723502304,4,14.838709677419354,1.2089999999999985,1,8,7.115207373271889,0.380285714285714,1,0.9462365591397849,1.468039,72.72365591397849,11.903283163697031,3.00376512922712,54.0,104.0,stressed,drive09,31620
74,0.8060097216084844,6,9.858064516129033,1.4553999999999998,1,7,8.236559139784946,0.9521666666666677,1,1.0955569080949483,2.192642,69.86129032258064,18.349565828024463,4.1038719935049475,15.0,104.0,stressed,drive09,32085
72,0.8232621535665606,7,7.935483870967743,1.9115000000000009,1,9,6.346774193548386,0.8346250000000012,1,1.1419354838709677,1.873483,66.60967741935484,13.794159310329045,2.9584492490316276,15.0,91.0,stressed,drive09,32550
67,0.8914956011730205,5,13.209677419354838,1.5790000000000006,1,8,7.84331797235023,0.5622857142857133,1,1.0709677419354837,0.747837,69.61505376344086,9.524399297927234,2.5462355336644698,52.0,99.0,stressed,drive09,33015
66,0.9171215880893302,2,16.193548387096776,0.9690000000000025,1,5,8.951612903225806,0.29525000000000085,1,1.1040779062690202,0.81422,71.16129032258064,12.645106429549637,3.3691118951921264,52.0,99.0,stressed,drive09,33480
65,0.9243951612903226,1,60.0,0.0,0,4,16.559139784946236,0.37933333333333313,1,1.1975806451612903,0.762545,68.19139784946236,10.255548258822033,2.6526587592457553,58.0,99.0,stressed,drive09,33945
67,0.8934506353861192,3,27.387096774193548,0.14549999999999758,1,5,13.548387096774194,0.5970000000000005,1,1.0882531953743153,0.8324,67.43978494623656,6.754140741652705,2.004838066469812,58.0,100.0,stressed,drive09,34410
70,0.8564749883122956,4,12.473118279569894,0.7553333333333336,1,7,7.247311827956988,0.47533333333333383,1,0.9612903225806453,1.270488,71.07956989247312,7.170737415623634,2.6538758544046543,63.0,100.0,stressed,drive09,34875
68,0.8839672604718345,2,10.32258064516129,1.5950000000000004,1,6,8.258064516129034,0.5009999999999997,1,1.1178660049627793,1.144577,69.26881720430107,7.086925391467032,2.652252936745217,62.0,96.0,stressed,drive09,35340
67,0.8895405669599218,0,60.0,0.0,0,2,6.129032258064516,0.21699999999999964,1,1.3368342085521379,0.529711,75.50537634408602,15.218567928836197,3.546401623890512,62.0,106.0,stressed,drive09,35805
71,0.8414746543778802,2,24.06451612903226,0.5119999999999991,1,3,11.741935483870968,0.6555000000000007,1,1.3323330832708176,3.169558,79.39462365591397,13.388334398895356,3.464256980402118,63.0,106.0,stressed,drive09,36270
71,0.8451612903225808,3,19.225806451612904,0.4894999999999998,1,4,12.645161290322582,0.5083333333333327,1,1.2298387096774193,3.564246,71.51397849462366,6.204604453923316,1.891571014844027,63.0,95.0,stressed,drive09,36735
69,0.8671726755218215,4,15.61290322580645,0.7820000000000008,1,4,15.806451612903224,1.2296666666666674,1,1.2436513383665067,2.940456,69.25483870967741,4.5643079096852714,1.4898291707505849,63.0,94.0,stressed,drive09,37200
69,0.8662239089184062,4,11.161290322580646,1.019000000000001,1,6,10.387096774193548,1.0173999999999999,1,1.1017369727047144,2.87038,68.83763440860216,7.281622381825648,1.9808012861463764,49.0,96.0,stressed,drive09,37665
70,0.8620850864890136,4,14.774193548387096,0.541999999999999,1,7,8.064516129032258,0.28149999999999925,1,0.8368396446937822,2.226565,69.59032258064516,8.991209141790975,2.4087211476791253,49.0,97.0,stressed,drive09,38130
72,0.8359836437982735,4,14.021505376344086,0.7699999999999991,1,8,7.354838709677419,0.33357142857142785,1,0.7827956989247312,2.236304,73.64086021505376,13.119141695626377,2.5937741141058104,58.0,116.0,stressed,drive09,38595
70,0.8648901355773725,3,15.870967741935484,0.6875000000000018,1,6,9.76774193548387,0.414799999999999,1,0.8442396313364053,2.511975,72.89032258064516,14.652931480465284,3.088922532404274,58.0,116.0,stressed,drive09,39060
70,0.8602150537634409,6,6.929032258064515,1.0304000000000015,1,5,9.129032258064516,0.6854999999999987,1,1.0627565982404694,2.837539,73.00860215053764,12.028368402784878,2.7604386478466236,60.0,106.0,stressed,drive09,39525
73,0.8154121863799284,8,7.0691244239631335,1.2932857142857155,1,7,6.129032258064516,1.0816666666666663,1,1.2546328071379549,2.352109,75.21720430107527,9.4486799858176,1.7564275319293046,52.0,106.0,stressed,drive09,39990
73,0.8288530465949822,5,10.709677419354838,1.1410000000000002,1,10,6.21505376344086,0.7894444444444454,1,1.148640101201771,1.252843,71.25376344086021,6.947275464104421,1.4252074802214676,52.0,83.0,stressed,drive09,40455
69,0.8700189753320684,5,12.048387096774192,1.0427499999999987,1,7,8.075268817204302,0.5065000000000005,1,0.8670576735092864,0.869694,69.90215053763441,9.48661171476944,3.048230883276566,52.0,109.0,stressed,drive09,40920
69,0.8709677419354839,6,9.045161290322582,1.1951999999999994,1,7,8.365591397849462,0.6413333333333321,1,0.8801155512758786,1.168028,70.65376344086022,10.081203196023957,3.3587121423416186,53.0,109.0,stressed,drive09,41385
69,0.8738140417457305,6,11.2,1.6013999999999988,1,8,7.990783410138248,0.7517142857142856,1,0.8681214421252372,2.205571,69.04838709677419,8.638051762912644,3.006809637815875,49.0,100.0,stressed,drive09,41850
69,0.8766603415559773,4,12.70967741935484,1.7789999999999992,1,6,8.709677419354838,0.892200000000001,1,0.8442396313364056,2.385407,70.96129032258065,12.30711859971865,3.2301392825565194,49.0,106.0,stressed,drive09,42315
69,0.877609108159393,5,10.096774193548386,1.4705000000000008,1,7,5.967741935483872,0.9271666666666677,1,0.9278033794162827,1.408868,71.78172043010753,11.934619798229532,3.249575611937111,51.0,106.0,stressed,drive09,42780
67,0.8983382209188661,5,10.806451612903226,0.6787500000000003,1,6,9.238709677419354,0.4508000000000004,1,0.9903225806451611,1.246348,69.71397849462366,9.693580531796249,3.466431362939704,61.0,101.0,stressed,drive09,43245
68,0.8801155512758787,6,9.30322580645161,0.6148000000000001,1,7,8.53763440860215,0.22349999999999903,1,0.9613960867265998,2.612009,86.2741935483871,46.839959512635524,8.396331660945915,50.0,232.0,stressed,drive09,43710
71,0.8433179723502303,7,7.290322580645161,0.7354999999999995,1,9,6.612903225806452,0.5088749999999992,1,0.9042183622828784,3.390086,85.31612903225806,48.50581450640311,8.659446082663578,13.0,232.0,stressed,drive09,44175
72,0.8405270331667425,6,7.419354838709678,1.4294000000000002,1,7,6.172043010752688,0.7484999999999996,1,0.9539925965097832,2.745976,68.16451612903226,14.274943422378438,3.765888479330123,13.0,96.0,stressed,drive09,44640
69,0.8662239089184061,5,11.82258064516129,0.8367500000000014,1,5,12.79032258064516,1.16225,1,0.9153225806451613,1.90558,69.42258064516129,8.22237478492141,2.6204051486677957,56.0,100.0,stressed,drive09,45105
67,0.8885630498533725,6,11.212903225806452,0.34400000000000286,1,4,16.64516129032258,0.25733333333333414,1,0.7890148212728857,2.147936,72.6774193548387,25.212584880393027,6.707080589369177,49.0,232.0,stressed,drive09,45570
68,0.8810784785748677,4,7.78494623655914,0.25966666666666915,1,5,11.661290322580646,0.2505000000000005,1,0.7607875994972769,2.098413,78.86881720430108,39.91167662300168,8.723352472749916,49.0,232.0,stressed,drive09,46035
68,0.8830043331728455,1,60.0,0.0,0,5,13.951612903225808,0.16575000000000015,1,0.7870967741935485,1.852832,81.91827956989248,33.570368866864186,6.617083282935513,62.0,232.0,stressed,drive09,46500
69,0.870967741935484,1,60.0,0.0,0,4,13.698924731182798,0.055999999999998586,1,0.8225806451612903,1.857356,75.10322580645162,13.848570064088898,3.433200780550044,63.0,109.0,stressed,drive09,46965
70,0.8574100046750819,2,18.387096774193548,0.0899999999999963,1,4,11.741935483870966,0.08799999999999863,1,0.7759139784946236,1.804024,72.51505376344086,11.789109666023963,3.3213274999131337,63.0,121.0,stressed,drive09,47430
70,0.8574100046750819,2,35.03225806451613,0.14600000000000046,1,3,17.096774193548384,0.23649999999999674,1,0.7513270722743975,1.963037,76.46451612903226,15.957515134944973,3.8768724424998076,62.0,121.0,stressed,drive09,47895
70,0.8546049555867228,1,60.0,0.0,0,2,44.70967741935484,4.653,1,0.858345021037868,2.264842,73.55698924731183,13.992066860238689,3.148290495854271,57.0,114.0,stressed,drive09,48360
73,0.8198924731182795,1,60.0,0.0,0,3,11.35483870967742,1.9179999999999984,1,0.9122983870967741,2.59511,72.97204301075269,9.685887812060777,2.9029883270736625,52.0,107.0,stressed,drive09,48825
73,0.8261648745519713,1,60.0,0.0,0,4,10.774193548387096,0.29799999999999743,1,0.8583450210378681,3.3497,76.45161290322581,11.501955073674335,3.2321381313137527,52.0,107.0,stressed,drive09,49290
70,0.8648901355773725,1,60.0,0.0,0,5,11.419354838709678,0.6892499999999981,1,0.870967741935484,3.63229,86.28924731182796,36.38842413819837,7.549620568028939,61.0,225.0,stressed,drive09,49755
69,0.8709677419354839,2,6.129032258064516,2.4480000000000017,1,5,7.903225806451613,0.7952500000000016,1,0.9624537281861448,2.640971,84.08172043010752,36.59807547157249,7.344659681307934,64.0,225.0,stressed,drive09,50220
69,0.8633776091081593,4,15.67741935483871,1.0850000000000006,1,5,11.96774193548387,0.6877500000000026,1,1.0367855121675156,1.386556,73.61182795698925,10.939072216584389,3.1035241609238526,65.0,106.0,stressed,drive09,50685
72,0.8314402544298047,8,7.861751152073732,0.9207142857142846,1,6,10.709677419354838,1.1140000000000008,1,1.1101643335362141,1.793891,74.71720430107527,9.486074951765833,3.2846644352352086,65.0,106.0,stressed,drive09,51150
78,0.7750314201927104,9,4.403225806451613,1.1416249999999994,1,9,4.387096774193549,0.9051249999999993,1,1.0345622119815667,2.281379,77.8258064516129,8.98288579760767,3.0251902590311444,55.0,107.0,stressed,drive09,51615
76,0.7896774193548388,6,10.619354838709677,1.2915999999999985,1,8,7.9631336405529956,0.7982857142857129,1,0.8241708314402543,1.77425,75.63010752688172,8.863647941290745,2.493479116714189,55.0,107.0,stressed,drive09,52080
69,0.8662239089184061,2,26.838709677419356,3.2619999999999942,1,2,27.29032258064516,2.587999999999999,1,1.139784946236559,0.546548,69.9258064516129,9.486712872424745,1.8089598793214343,46.0,95.0,stressed,drive09,52545
70,0.8611500701262272,4,7.182795698924732,0.1870000000000008,1,4,6.064516129032257,0.4263333333333305,1,1.0752688172043012,1.021837,76.89139784946236,18.767967195987765,3.7788716343438056,46.0,121.0,stressed,drive09,53010
71,0.8368663594470045,7,8.838709677419356,1.0838333333333354,1,9,5.911290322580646,0.6262499999999993,1,0.7264038231780167,1.799031,89.74516129032259,39.749519551107504,7.904366495035284,64.0,232.0,stressed,drive09,53475
70,0.8517999064983637,5,11.693548387096774,1.573000000000002,1,7,8.129032258064516,0.8470000000000013,1,0.7551695616211745,2.804243,84.19247311827957,39.34767208088378,7.523554687416931,63.0,232.0,stressed,drive09,53940
73,0.8261648745519713,4,9.67741935483871,0.2230000000000003,1,6,7.445161290322581,0.25100000000000083,1,0.875300914780934,2.928685,73.26451612903226,10.142051765455584,2.53182116408113,55.0,118.0,stressed,drive09,54405
71,0.8442396313364053,3,24.35483870967742,0.7355000000000012,1,8,5.981566820276497,0.16785714285714262,1,0.8719165085388993,2.094489,71.80752688172043,7.893004069334101,1.9026354166064754,55.0,100.0,stressed,drive09,54870
71,0.8423963133640551,2,24.70967741935484,7.553,1,9,6.89516129032258,1.0559999999999996,1,0.952934955050238,2.801226,72.22365591397849,9.055710464156695,2.3774596350872756,51.0,100.0,stressed,drive09,55335
74,0.8121961997348653,2,10.387096774193548,4.269,1,6,7.341935483870968,1.780399999999998,1,1.4258064516129032,2.663196,72.97741935483872,9.148860073916232,2.4604514450076116,51.0,107.0,stressed,drive09,55800
73,0.8225806451612905,5,5.870967741935484,1.4892499999999989,1,8,8.055299539170509,0.5492857142857134,1,1.272477693891558,1.144692,78.83763440860216,16.010765289537712,3.8286776926320303,56.0,112.0,stressed,drive09,56265
71,0.83963133640553,8,7.2073732718894,1.5477142857142854,1,7,7.483870967741936,0.30883333333333335,1,1.0498533724340176,2.735924,84.36021505376344,19.36675812788138,4.074917368587746,56.0,120.0,stressed,drive09,56730
72,0.8332576101771922,5,9.564516129032258,0.99575,1,5,7.354838709677419,0.4345000000000012,1,1.1445161290322579,2.845411,81.2247311827957,18.070055762235988,3.7744538167315542,60.0,120.0,stressed,drive09,57195
74,0.8148475475033143,4,11.978494623655914,0.2323333333333322,1,5,7.870967741935485,0.2747500000000021,1,1.310394265232975,1.147912,76.26236559139785,12.718625018490268,3.4468125398122686,54.0,107.0,stressed,drive09,57660
72,0.8268968650613358,4,16.301075268817204,0.5729999999999981,1,4,16.580645161290324,0.7146666666666642,1,1.5448997384481253,0.699978,75.67849462365591,9.542821988137625,2.797238373617354,54.0,103.0,stressed,drive09,58125
71,0.8414746543778802,5,11.161290322580646,1.0942500000000013,1,7,8.32258064516129,0.5780000000000004,1,1.1435800126502214,1.610013,78.29569892473118,14.278628393952253,3.748842663174869,61.0,118.0,stressed,drive09,58590
73,0.8252688172043011,6,9.548387096774196,0.9800000000000008,1,9,6.612903225806452,0.39800000000000235,1,0.8781896966779008,1.794103,79.0741935483871,16.542999709949804,3.671670265746365,61.0,118.0,stressed,drive09,59055
72,0.8323489323034985,3,5.935483870967742,0.9029999999999989,1,6,3.729032258064516,0.20720000000000036,1,1.1233396584440227,1.291693,75.29462365591398,13.813943132153293,2.9269910559395385,61.0,118.0,stressed,drive09,59520
70,0.855539971949509,1,60.0,0.0,0,4,18.473118279569892,0.4136666666666636,1,1.8366935483870968,0.888716,72.63225806451612,11.789015858041104,4.035632464241141,61.0,111.0,stressed,drive09,59985
72,0.8332576101771921,5,11.419354838709676,0.5357500000000004,1,7,6.49462365591398,0.37616666666666704,1,1.2463967055593683,0.530173,76.72903225806452,13.313091468168452,4.799645663275908,61.0,111.0,stressed,drive09,60450
71,0.8423963133640555,4,9.935483870967742,0.5846666666666662,1,5,6.483870967741935,0.41525000000000034,1,1.196236559139785,0.456946,79.92903225806451,16.082225416039062,4.507857032660936,60.0,118.0,stressed,drive09,60915
69,0.8671726755218215,3,26.225806451612904,2.7005,1,3,26.548387096774192,0.7224999999999996,1,1.4303697875688435,0.827265,78.95806451612903,16.679501440298296,3.841168417503378,60.0,118.0,stressed,drive09,61380
70,0.8583450210378682,6,7.135483870967744,1.5405999999999989,1,8,5.105990783410138,0.465714285714285,1,0.9892473118279569,1.606578,76.36344086021505,14.768797280304092,3.101095330642206,55.0,107.0,stressed,drive09,61845
70,0.8564749883122954,8,6.8018433179723505,0.4402857142857149,1,11,5.367741935483871,0.2339000000000003,1,0.7390771743568804,2.057652,74.62043010752689,14.060124803586447,3.0317658014982873,52.0,106.0,stressed,drive09,62310
69,0.8671726755218215,6,7.806451612903226,1.2137999999999987,1,8,6.470046082949309,0.49314285714285766,1,0.6844642195031518,2.168817,73.15268817204301,11.54003402277694,3.53104027521471,52.0,101.0,stressed,drive09,62775
76,0.7905376344086021,0,60.0,0.0,0,0,60.0,0.0,0,5.445161290322582,0.347371,73.25698924731182,4.36698015412837,1.0925917479388882,64.0,83.0,no,drive10,0
76,0.7913978494623657,0,60.0,0.0,0,0,60.0,0.0,0,4.741935483870968,0.347562,74.56451612903226,4.148147537356324,1.1728907734377914,66.0,84.0,no,drive10,465
77,0.7809847198641766,0,60.0,0.0,0,0,60.0,0.0,0,4.505376344086021,0.348416,72.63118279569892,4.7283741663396635,1.1792975596187387,64.0,84.0,no,drive10,930
78,0.7750314201927104,0,60.0,0.0,0,0,60.0,0.0,0,4.436724565756824,0.346214,70.54731182795699,4.03405107088994,1.1883901966184045,61.0,82.0,no,drive10,1395
78,0.7658148303309595,0,60.0,0.0,0,0,60.0,0.0,0,4.596774193548387,0.345527,70.7752688172043,4.586566544777564,1.2402472061651382,61.0,82.0,no,drive10,1860
81,0.735483870967742,0,60.0,0.0,0,0,60.0,0.0,0,4.774193548387097,0.344293,69.88387096774194,4.46364743863905,1.1341646205190097,62.0,79.0,no,drive10,2325
82,0.7264038231780167,0,60.0,0.0,0,0,60.0,0.0,0,4.655913978494624,0.347193,70.23763440860215,5.768516962995292,1.3016508521091805,60.0,93.0,no,drive10,2790
81,0.742741935483871,0,60.0,0.0,0,0,60.0,0.0,0,4.736559139784947,0.353697,74.23440860215054,8.186462660197488,1.9504077573180032,60.0,107.0,no,drive10,3255
81,0.7443548387096774,1,60.0,0.0,0,0,60.0,0.0,0,4.709677419354839,0.370205,74.66989247311828,7.1487766446658325,1.8703971130759367,60.0,107.0,no,drive10,3720
78,0.7691663175534144,0,60.0,0.0,0,0,60.0,0.0,0,4.703812316715543,0.384113,71.75483870967741,6.29217838629462,2.0948961505509316,61.0,99.0,no,drive10,4185
78,0.773355676581483,0,60.0,0.0,0,0,60.0,0.0,0,4.672043010752689,0.3765,71.0505376344086,6.327158115495149,2.163897930098309,61.0,99.0,no,drive10,4650
82,0.7343687773795302,0,60.0,0.0,0,0,60.0,0.0,0,4.817204301075269,0.362242,69.97311827956989,5.6660019809717275,1.524115441638283,60.0,85.0,no,drive10,5115
88,0.6785317018909899,0,60.0,0.0,0,0,60.0,0.0,0,4.67741935483871,0.354302,68.48172043010753,7.446453240122075,1.6616357510640558,53.0,91.0,no,drive10,5580
91,0.6602150537634409,1,60.0,0.0,0,0,60.0,0.0,0,4.494623655913979,0.360681,68.8021505376344,7.784434130367253,1.7363956829326697,53.0,91.0,no,drive10,6045
81,0.739516129032258,1,60.0,0.0,0,0,60.0,0.0,0,4.446236559139785,0.361808,69.0021505376344,7.28734325521132,1.7704669675258298,54.0,85.0,no,drive10,6510
75,0.8073234524847429,0,60.0,0.0,0,0,60.0,0.0,0,4.607526881720431,0.353157,68.16666666666667,7.694933863813176,1.8056841241152364,54.0,88.0,no,drive10,6975
84,0.7096774193548387,0,60.0,0.0,0,0,60.0,0.0,0,4.623655913978495,0.357867,69.21935483870968,8.628363555639218,1.6671330527932746,55.0,88.0,no,drive10,7440
89,0.6744868035190617,0,60.0,0.0,0,0,60.0,0.0,0,4.054590570719602,0.672663,73.49569892473119,15.093133196019789,2.8030046926078245,29.0,95.0,no,drive10,7905
80,0.7521437321355655,0,60.0,0.0,0,0,60.0,0.0,0,4.198511166253102,0.68981,73.26774193548387,14.391168597817972,2.827665873992328,29.0,95.0,no,drive10,8370
84,0.712009327633113,1,60.0,0.0,0,0,60.0,0.0,0,4.69208211143695,0.400319,69.18602150537635,5.748568618432579,1.5925012652650636,57.0,84.0,no,drive10,8835
86,0.6899430740037951,1,60.0,0.0,0,0,60.0,0.0,0,4.612903225806451,0.386294,69.31505376344086,4.880583568063499,1.4413544640599902,57.0,80.0,no,drive10,9300
84,0.7096774193548386,1,60.0,0.0,0,0,60.0,0.0,0,4.516129032258066,0.561152,69.16021505376344,5.967035606752025,1.4643227511321797,57.0,83.0,no,drive10,9765
84,0.7104547221142635,1,60.0,0.0,0,0,60.0,0.0,0,4.377171215880893,0.544637,70.09032258064516,6.41574113447105,1.5149062005799026,57.0,83.0,no,drive10,10230
82,0.731979291119076,1,60.0,0.0,0,0,60.0,0.0,0,4.90909090909091,0.34737,70.06451612903226,5.4954652891601015,1.3834326506252232,62.0,84.0,no,drive10,10695
82,0.7335722819593787,0,60.0,0.0,0,0,60.0,0.0,0,4.903225806451613,0.345659,68.52795698924731,5.599133296820985,1.3838216377411983,58.0,84.0,no,drive10,11160
83,0.7183320220298978,0,60.0,0.0,0,0,60.0,0.0,0,4.674486803519062,0.347515,69.0,5.9969526311465104,1.4149745059645427,58.0,83.0,no,drive10,11625
92,0.6487061325771002,0,60.0,0.0,0,0,60.0,0.0,0,4.559139784946237,0.350553,69.08709677419355,5.841264515596977,1.4865742906549164,60.0,84.0,no,drive10,12090
87,0.6909227306826708,1,60.0,0.0,0,0,60.0,0.0,0,4.688172043010753,0.352502,70.33225806451613,5.377005228166073,1.5095676210701603,60.0,84.0,no,drive10,12555
81,0.7411290322580646,3,25.741935483870968,0.4460000000000022,1,0,60.0,0.0,0,3.9404466501240694,0.398618,74.2483870967742,8.841715798348092,1.4624838420164892,61.0,95.0,no,drive10,13020
85,0.7043010752688174,10,4.910394265232975,0.9937777777777789,1,9,5.60483870967742,1.0402500000000003,1,1.939784946236559,2.219496,84.19569892473119,6.931646516970942,1.2045839966360008,68.0,100.0,stressed,drive10,13950
89,0.6766862170087978,15,3.9032258064516125,0.665714285714287,1,11,4.787096774193548,0.2562000000000003,1,1.3967741935483868,4.282121,84.47204301075269,14.878929791489897,3.5202015795104,23.0,100.0,stressed,drive10,14415
93,0.6437587657784013,18,3.1309297912713476,0.5730588235294088,1,15,3.539170506912442,0.2990000000000005,1,1.1264516129032256,4.290787,89.63978494623656,15.481391117128132,3.678553326351492,23.0,124.0,stressed,drive10,14880
94,0.6340617412417622,15,4.023041474654378,0.513642857142855,1,14,4.173697270471464,0.7309230769230755,1,1.0200222469410456,3.289092,95.24193548387096,5.450714120731814,1.6622834360432672,69.0,124.0,stressed,drive10,15345
94,0.6368366285119669,13,4.129032258064516,0.6310000000000023,1,14,4.129032258064517,0.931999999999999,1,1.0620347394540943,3.264303,93.65806451612903,5.843042413075483,1.8009087527814935,69.0,104.0,stressed,drive10,15810
88,0.6837226548016314,7,4.053763440860215,0.6665000000000039,1,7,4.096774193548387,0.9268333333333324,1,2.1553166069295107,1.792972,85.48709677419355,9.991520338169467,1.7233281941016272,69.0,103.0,stressed,drive10,16275
85,0.708141321044547,4,6.021505376344085,0.9829999999999951,1,4,5.870967741935484,1.3653333333333357,1,1.629032258064516,1.972839,83.11075268817204,8.945810124762275,1.9561941037041957,70.0,103.0,stressed,drive10,16740
82,0.7303863002787735,6,7.780645161290323,1.1633999999999953,1,5,6.709677419354839,1.6200000000000045,1,1.4838709677419355,1.96969,81.91290322580645,9.601520105976629,1.8597197608255838,63.0,103.0,stressed,drive10,17205
77,0.7792869269949068,2,11.483870967741936,1.723999999999997,1,4,17.698924731182796,1.5196666666666665,1,1.689149560117302,0.394592,76.10967741935484,7.008659229625663,1.5006277839502378,63.0,101.0,stressed,drive10,17670
81,0.7419354838709677,2,7.354838709677419,1.5480000000000043,1,6,7.716129032258065,0.7986000000000004,1,1.0191158900836321,0.431744,79.14408602150537,5.861913929539693,1.7558145751729213,66.0,91.0,stressed,drive10,18135
79,0.7626137303556658,2,7.354838709677419,1.5480000000000043,1,3,11.419354838709678,1.7890000000000026,1,1.534804753820034,0.411529,78.66989247311828,8.384679897150832,1.8006098715657963,62.0,93.0,stressed,drive10,18600
77,0.7784380305602717,3,5.387096774193548,0.9085000000000022,1,3,5.419354838709677,1.3199999999999952,1,1.9866518353726363,0.425818,76.52580645161291,7.4241599680607795,1.4847629407794913,62.0,93.0,stressed,drive10,19065
78,0.7616254713028907,4,14.04301075268817,1.2746666666666695,1,5,12.903225806451612,1.4024999999999996,1,1.2052161976664377,0.432619,76.86774193548388,5.272849126601037,1.3567199094910756,66.0,91.0,stressed,drive10,19530
81,0.7443548387096776,1,60.0,0.0,0,6,8.141935483870968,0.21060000000000123,1,1.3233308327081772,0.390977,77.21505376344086,5.431983067984742,1.2480339759665384,66.0,91.0,stressed,drive10,19995
81,0.735483870967742,3,13.774193548387096,0.8915000000000037,1,7,8.634408602150538,0.8696666666666673,1,1.4587813620071686,0.405872,78.79462365591398,6.121860452182779,1.2820697743691312,66.0,95.0,stressed,drive10,20460
80,0.7521437321355656,4,17.677419354838708,0.7966666666666673,1,6,10.89032258064516,2.0516000000000045,1,1.0788530465949822,0.376844,77.93655913978495,6.808538045059205,1.4357424201762825,66.0,95.0,stressed,drive10,20925
81,0.742741935483871,4,11.591397849462366,1.021333333333329,1,8,6.8018433179723505,1.7991428571428598,1,0.9815668202764977,0.401491,77.59247311827957,5.7623684004591995,1.3391512824017437,65.0,89.0,stressed,drive10,21390
77,0.7767402376910016,3,24.806451612903224,1.94049999999999,1,5,12.306451612903224,1.7862499999999994,1,2.0829493087557607,0.404791,75.04086021505377,6.035241245753037,1.3594939855192736,59.0,87.0,stressed,drive10,21855
76,0.7827956989247314,3,11.064516129032258,1.953999999999999,1,4,8.107526881720432,1.8106666666666629,1,1.9505376344086025,0.668829,74.54086021505377,5.373666107237504,1.2925221711719055,59.0,87.0,stressed,drive10,22320
82,0.7303863002787735,4,15.634408602150538,2.614666666666666,1,6,9.483870967741936,1.4941999999999962,1,1.3064516129032258,2.318511,80.49247311827958,7.3530366276203765,1.3139968526372434,71.0,109.0,stressed,drive10,22785
83,0.7206923682140047,4,11.204301075268816,1.339333333333329,1,7,8.46236559139785,1.2676666666666627,1,1.1138161898965306,2.386828,83.49677419354839,7.137850819774502,1.4473166589597717,68.0,109.0,stressed,drive10,23250
81,0.7443548387096774,5,11.46774193548387,0.8950000000000031,1,9,6.854838709677419,0.6644999999999988,1,0.8647087144920559,0.907475,80.08064516129032,5.760913123270862,1.078710708322547,68.0,91.0,stressed,drive10,23715
78,0.7691663175534145,6,9.67741935483871,0.13440000000000155,1,9,6.145161290322581,0.3281249999999987,1,1.06575682382134,0.463128,76.79139784946237,4.505615514477068,0.877294009629962,65.0,86.0,stressed,drive10,24180
77,0.7724957555178268,3,11.580645161290324,0.1070000000000002,1,3,11.70967741935484,0.3695000000000028,1,2.198327359617682,0.457525,73.17311827956989,6.397338824837511,1.2210038397765965,59.0,86.0,stressed,drive10,24645
82,0.7335722819593788,2,11.161290322580646,0.2849999999999966,1,4,7.462365591397851,1.0253333333333343,1,1.3788447111777942,0.643024,76.9752688172043,8.626318268138569,1.1529902154958054,59.0,89.0,stressed,drive10,25110
91,0.6587813620071685,11,5.367741935483871,0.9655000000000019,1,14,4.183622828784119,0.8862307692307702,1,0.8497695852534562,1.044207,88.28279569892473,18.396546681876902,4.612427636020344,12.0,128.0,stressed,drive10,25575
93,0.6444600280504911,13,4.032258064516129,0.796333333333334,1,16,3.2301075268817203,0.8624000000000025,1,0.8611500701262274,2.105644,91.72043010752688,18.153151088410613,4.608341760140646,12.0,128.0,stressed,drive10,26040
93,0.6451612903225808,11,5.606451612903227,0.6881999999999993,1,14,4.203473945409429,1.018000000000004,1,1.0403225806451615,2.523086,93.74516129032259,8.155518167896425,1.1355873657413733,78.0,118.0,stressed,drive10,26505
98,0.6085799800465581,10,5.440860215053763,0.609333333333333,1,12,4.674486803519062,1.416636363636365,1,1.1153846153846152,4.4972,96.43333333333334,18.893372754756605,4.413746995509143,45.0,177.0,stressed,drive10,26970
92,0.65225097483162,7,6.806451612903225,1.2136666666666638,1,9,5.790322580645161,1.5367499999999978,1,1.3475073313782993,5.169118,89.81182795698925,19.816308855550606,4.444490790333647,45.0,177.0,stressed,drive10,27435
80,0.7529603919967334,6,8.01290322580645,0.8151999999999984,1,7,7.0,0.6961666666666687,1,1.8084066471163247,3.131764,79.50860215053764,8.224173075586364,1.5077838940841022,62.0,101.0,stressed,drive10,27900
75,0.8003487358326068,1,60.0,0.0,0,2,13.483870967741936,0.4940000000000069,1,1.6147465437788018,0.860752,74.02688172043011,4.913042545157336,1.296679538520966,62.0,87.0,stressed,drive10,28365
74,0.8139637649138313,1,60.0,0.0,0,2,6.774193548387097,0.11399999999999555,1,1.4656741108354008,0.508811,73.58279569892473,3.9613895589592,1.2970945423845348,67.0,83.0,stressed,drive10,28830
77,0.7809847198641765,2,33.29032258064516,1.613999999999994,1,3,19.806451612903224,1.8764999999999963,1,1.137254901960784,0.501244,73.41075268817204,5.856628674712143,1.9410028147334084,58.0,104.0,stressed,drive10,29295
81,0.7451612903225807,1,60.0,0.0,0,3,15.709677419354838,1.948000000000013,1,0.9002932551319648,0.626127,72.03118279569892,5.273192061263541,1.8792962977698928,58.0,104.0,stressed,drive10,29760
83,0.7261998426435878,5,5.85483870967742,1.4219999999999968,1,10,4.164874551971327,1.518111111111111,1,0.9977753058954394,1.807003,78.72903225806452,9.035278296886334,1.6236280123529863,68.0,118.0,stressed,drive10,30225
83,0.7112509834775769,9,4.53225806451613,1.051875000000001,1,11,3.045161290322581,1.006899999999997,1,1.450785773366419,2.478207,84.01397849462366,8.892356164148799,1.769250569603103,65.0,118.0,stressed,drive10,30690
83,0.7206923682140048,7,7.0752688172043,0.6716666666666636,1,8,7.6405529953917055,1.0699999999999978,1,1.6487455197132617,4.178127,81.34946236559139,7.786355914073455,1.3857649354795842,65.0,99.0,stressed,drive10,31155
82,0.7351652727996815,5,7.161290322580646,0.9309999999999906,1,7,4.806451612903227,1.1126666666666676,1,1.50206782464847,3.819156,79.11720430107528,7.019804911909719,1.2293504283890777,64.0,99.0,stressed,drive10,31620
77,0.7852292020373515,1,60.0,0.0,0,1,60.0,0.0,0,1.4274193548387097,0.576309,73.40967741935484,7.815404756558994,1.1960645910319159,64.0,99.0,stressed,drive10,32085
79,0.7543424317617866,0,60.0,0.0,0,0,60.0,0.0,0,1.2642415923129717,0.395307,69.08064516129032,2.9543027874798136,1.09012595434663,64.0,75.0,stressed,drive10,32550
83,0.7230527143981117,1,60.0,0.0,0,1,60.0,0.0,0,1.2546328071379547,0.427052,70.33225806451613,3.1384422302039328,1.1567185686879373,64.0,78.0,stressed,drive10,33015
81,0.7362903225806452,0,60.0,0.0,0,0,60.0,0.0,0,1.3046594982078852,0.449994,71.87849462365591,3.1348320413365767,1.1322648459516111,64.0,79.0,stressed,drive10,33480
82,0.7232178414974113,0,60.0,0.0,0,0,60.0,0.0,0,1.019807583474816,0.428744,73.50430107526881,3.174576899367669,1.0595813296709689,68.0,81.0,stressed,drive10,33945
87,0.690172543135784,0,60.0,0.0,0,0,60.0,0.0,0,1.099163679808841,0.462181,77.89569892473118,5.646474092103367,1.08666444337088,68.0,91.0,stressed,drive10,34410
91,0.6573476702508962,0,60.0,0.0,0,1,60.0,0.0,0,1.4335169158143193,0.570928,86.70537634408602,7.176969822014516,1.2476026526510935,72.0,103.0,stressed,drive10,34875
94,0.638224072147069,1,60.0,0.0,0,2,42.903225806451616,12.046999999999993,1,1.3790322580645162,1.525254,92.41075268817204,4.339998076546609,1.250618791940874,82.0,106.0,stressed,drive10,35340
89,0.6656891495601173,8,4.451612903225807,1.398,1,9,3.701612903225807,1.72275,1,1.2720897615708275,4.351617,91.53225806451613,5.933278868126046,1.482949378430754,77.0,109.0,stressed,drive10,35805
89,0.6774193548387099,13,4.39247311827957,1.3799166666666725,1,12,5.055718475073314,1.7612727272727282,1,1.1537001897533208,6.135548,88.19677419354839,9.713586002863872,2.2162430025352204,56.0,112.0,stressed,drive10,36270
85,0.7073732718894009,8,3.953917050691244,1.2732857142857206,1,6,5.52258064516129,2.0513999999999997,1,1.0486803519061585,4.880251,81.84516129032258,9.745454039517657,2.0765749725912257,56.0,112.0,stressed,drive10,36735
78,0.7725178047758692,5,13.306451612903226,1.3717500000000022,1,6,10.65806451612903,2.670799999999996,1,1.1141439205955332,2.077864,77.26666666666667,4.873216979326753,1.3086612194522194,68.0,90.0,stressed,drive10,37200
81,0.7387096774193548,8,5.631336405529955,1.0474285714285736,1,12,4.287390029325514,1.2166363636363624,1,1.130272952853598,3.343518,79.79569892473118,5.62322208898438,1.2833285569741357,70.0,90.0,stressed,drive10,37665
86,0.6990512333965846,10,6.329749103942652,0.8425555555555541,1,16,3.784946236559139,1.032333333333334,1,1.0276497695852533,4.218551,85.44623655913979,8.289117871271028,2.378817536941017,72.0,130.0,stressed,drive10,38130
84,0.7190050524679363,8,7.889400921658987,1.1119999999999974,1,13,4.198924731182797,1.272083333333333,1,1.1876234364713627,2.973555,83.39569892473118,9.062766958363861,2.281341927531286,69.0,130.0,stressed,drive10,38595
82,0.7311827956989249,7,5.978494623655915,0.23833333333333173,1,12,4.979472140762464,0.5953636363636392,1,1.0728793309438471,1.196922,80.03225806451613,4.285889859806473,1.0375096456423243,69.0,89.0,stressed,drive10,39060
83,0.7159716758457908,6,9.819354838709677,0.9615999999999992,1,13,4.655913978494623,0.8334166666666695,1,1.0521994134897361,2.035342,83.16989247311828,5.67252925602689,1.381875607193617,72.0,103.0,stressed,drive10,39525
88,0.6792732665925102,6,7.987096774193549,0.8516000000000006,1,13,4.532258064516129,1.4121666666666677,1,1.346041055718475,2.273433,87.36666666666666,8.164963614393685,2.1489226779937183,64.0,103.0,stressed,drive10,39990
93,0.6472650771388501,7,6.677419354838709,0.7993333333333329,1,11,4.7935483870967746,1.5144999999999993,1,1.2034233048057934,4.622537,91.33548387096774,8.624504288840866,2.2145424047492797,64.0,116.0,stressed,drive10,40455
88,0.6859473489061921,4,18.043010752688172,1.594,1,7,9.311827956989246,1.5371666666666666,1,1.129032258064516,4.528624,87.10645161290323,9.36008807112794,1.6751845487395844,65.0,116.0,stressed,drive10,40920
78,0.7666527021365731,3,19.548387096774192,0.6374999999999929,1,3,8.806451612903226,1.319499999999998,1,1.2034233048057932,0.934791,78.1268817204301,6.704759018946093,1.3487625393350215,65.0,95.0,stressed,drive10,41385
74,0.8051259390190014,1,60.0,0.0,0,0,60.0,0.0,0,1.0633640552995391,0.532969,75.19032258064516,5.243666215522561,1.785602026303776,65.0,103.0,stressed,drive10,41850
77,0.7767402376910016,0,60.0,0.0,0,1,60.0,0.0,0,0.9732094040459268,0.483058,75.39784946236558,4.628429643689719,1.8329010809215778,68.0,103.0,stressed,drive10,42315
81,0.7435483870967742,0,60.0,0.0,0,1,60.0,0.0,0,1.0469722693831351,0.460237,76.64408602150537,5.640025210909706,2.23991580650631,60.0,111.0,stressed,drive10,42780
80,0.7464271131073907,0,60.0,0.0,0,0,60.0,0.0,0,1.135989879822897,0.414628,77.0763440860215,5.513578504439342,2.1861684783464934,60.0,111.0,stressed,drive10,43245
79,0.7584780810587264,0,60.0,0.0,0,0,60.0,0.0,0,1.0414746543778801,0.394335,75.34731182795699,4.8543095009198085,1.6156527139648817,65.0,95.0,stressed,drive10,43710
82,0.7287933094384708,2,7.225806451612903,1.635999999999994,1,3,7.774193548387096,1.8294999999999972,1,1.2021066491112575,0.537544,75.21075268817204,6.060687039474136,1.9791703255683513,59.0,95.0,stressed,drive10,44175
82,0.7311827956989249,3,18.129032258064516,1.601499999999991,1,4,11.354838709677418,1.4906666666666626,1,1.2917562724014335,0.609263,76.96236559139786,6.373304775296412,1.9040492797848747,53.0,88.0,stressed,drive10,44640
80,0.75051041241323,4,12.215053763440862,2.2233333333333345,1,3,18.580645161290324,2.4955000000000043,1,1.1612903225806452,1.360762,78.27311827956989,6.338364834163159,1.5779017556503294,53.0,90.0,stressed,drive10,45105
82,0.7287933094384708,4,17.2258064516129,2.822999999999999,1,3,23.225806451612904,1.6400000000000035,1,1.135989879822897,1.353427,78.3989247311828,5.6000190979639,1.2808097546304495,64.0,90.0,stressed,drive10,45570
82,0.7327757865392276,4,8.623655913978494,0.25599999999999384,1,3,6.967741935483871,0.3864999999999928,1,1.0545454545454547,0.524592,79.01612903225806,4.907615112340979,1.2359000241736473,68.0,88.0,stressed,drive10,46035
80,0.7537770518579012,3,9.483870967741936,0.3674999999999973,1,2,6.580645161290323,0.6789999999999928,1,1.1339950372208436,0.565988,78.56129032258065,4.704265560541825,1.1627516452750697,71.0,88.0,stressed,drive10,46500
86,0.6960151802656547,8,2.7741935483870965,4.90842857142857,1,7,4.64516129032258,3.2929999999999957,1,1.2365591397849462,3.392221,84.0247311827957,9.961886032013924,1.1719726591887283,71.0,106.0,stressed,drive10,46965
98,0.608579980046558,16,3.152688172043011,3.9610000000000007,1,16,3.139784946236559,1.286,1,1.0510263929618768,5.134161,96.36881720430108,11.34097602989583,1.0555099166132411,74.0,118.0,stressed,drive10,47430
96,0.6261460101867572,13,4.252688172043011,2.2076666666666687,1,15,3.5299539170506904,1.2104285714285716,1,0.9002481389578164,3.966759,96.92903225806451,10.819601692479518,1.2223255112872329,73.0,118.0,stressed,drive10,47895
86,0.6952561669829225,6,9.625806451612902,1.3416000000000037,1,9,6.096774193548387,1.3999999999999986,1,1.2776998597475455,1.324433,87.68602150537635,8.604219912380946,1.370141381687562,68.0,103.0,stressed,drive10,48360
86,0.6914611005692601,5,8.419354838709678,1.6104999999999965,1,7,8.290322580645162,1.602666666666666,1,1.4685908319185064,1.869415,85.44623655913979,5.2578473689136755,1.2411148153696467,68.0,96.0,stressed,drive10,48825
88,0.6829810901001114,7,7.451612903225805,1.211,1,9,5.685483870967742,1.0919999999999987,1,0.9451612903225807,1.783818,86.31935483870967,4.776077439991857,1.2816499054289803,76.0,100.0,stressed,drive10,49290
86,0.6967741935483873,7,8.483870967741936,1.1248333333333367,1,8,7.3179723502304155,1.0717142857142872,1,0.8605313092979125,1.344818,85.76236559139785,5.429358939138104,1.4569531887426233,76.0,100.0,stressed,drive10,49755
82,0.731182795698925,7,7.924731182795699,1.0675000000000014,1,8,5.788018433179723,0.6752857142857175,1,0.918834547346514,1.113838,84.9505376344086,16.49228313293086,3.2047126224460465,66.0,145.0,stressed,drive10,50220
76,0.7896774193548389,7,8.612903225806452,1.0043333333333315,1,11,5.174193548387097,0.48300000000000265,1,0.9956989247311829,0.587158,77.26881720430107,17.95229028725816,3.2367973114340636,53.0,145.0,stressed,drive10,50685
77,0.7767402376910016,8,7.640552995391706,0.6971428571428513,1,13,4.456989247311827,0.49108333333333337,1,0.7829119442022668,0.584299,76.11075268817204,12.448240903195845,2.1713468262412094,53.0,116.0,stressed,drive10,51150
82,0.7264038231780168,7,8.365591397849462,0.7169999999999961,1,11,4.67741935483871,0.3480999999999994,1,0.8986175115207373,2.327595,80.06129032258065,10.948732260860792,2.0008071568230665,62.0,116.0,stressed,drive10,51615
81,0.7451612903225806,7,8.505376344086022,1.520499999999995,1,6,10.412903225806453,1.2248000000000017,1,1.7305502846299807,2.40201,74.93763440860215,6.464824823255089,1.221444555849341,61.0,91.0,stressed,drive10,52080
80,0.7496937525520622,5,13.016129032258064,1.6539999999999964,1,6,7.574193548387096,2.6868,1,1.202956989247312,1.091238,74.15591397849462,6.366443654804823,1.6687464597834591,61.0,104.0,stressed,drive10,52545
82,0.731979291119076,4,8.408602150537634,2.1676666666666677,1,8,7.37327188940092,1.8041428571428557,1,1.054147465437788,0.999413,78.74623655913979,7.205740828691824,1.648628617555262,67.0,104.0,stressed,drive10,53010
87,0.6946736684171042,6,10.941935483870969,1.4356000000000024,1,9,5.483870967741936,1.0011249999999978,1,1.183225806451613,1.892551,79.9752688172043,9.14685627778457,1.8422735988221497,66.0,103.0,stressed,drive10,53475
86,0.6944971537001896,7,7.838709677419356,1.086833333333333,1,6,6.567741935483871,0.8717999999999926,1,2.336021505376344,2.140114,80.60537634408603,10.196044621991115,1.8938459056418686,66.0,103.0,stressed,drive10,53940
78,0.7716799329702554,6,9.858064516129032,1.0485999999999964,1,3,4.161290322580645,1.7984999999999893,1,5.5677419354838715,1.609573,76.60537634408603,8.883122399699475,1.0984870699474643,65.0,100.0,stressed,drive10,54405
80,0.7545937117190689,6,8.180645161290322,1.3623999999999983,1,3,9.483870967741936,1.3594999999999942,1,1.3531409168081494,1.23509,76.38064516129032,7.865895598230473,1.9592182268139173,65.0,112.0,stressed,drive10,54870
82,0.7216248506571087,9,6.903225806451613,1.5421249999999989,1,6,9.858064516129032,0.9283999999999987,1,0.9476467477525119,0.787917,79.56236559139785,8.351735560773918,2.2227902634832537,55.0,112.0,stressed,drive10,55335
80,0.7513270722743979,8,5.861751152073732,1.12957142857143,1,4,12.967741935483872,0.0660000000000005,1,1.0424448217317486,0.696842,76.93763440860215,7.5247536162071444,1.5710650607751337,55.0,94.0,stressed,drive10,55800
83,0.7277734067663257,10,4.845878136200716,1.6555555555555554,1,9,5.362903225806452,1.5109999999999988,1,0.8143992519869097,1.093436,81.98924731182795,9.935376808993524,1.8844442808366717,64.0,114.0,stressed,drive10,56265
96,0.6254668930390492,16,3.6946236559139787,1.1569333333333318,1,18,3.195445920303605,1.0829411764705859,1,0.6666666666666666,1.713096,100.40752688172043,27.951696955657095,5.727861391904089,67.0,225.0,stressed,drive10,56730
97,0.6182795698924731,13,4.381720430107527,1.0795833333333311,1,16,3.6516129032258067,0.8284666666666642,1,0.651542006380716,2.110042,101.85376344086022,26.904772567553543,5.726545743915631,83.0,225.0,stressed,drive10,57195
89,0.6781524926686218,11,5.232258064516129,1.2098999999999989,1,14,4.009925558312656,1.4169230769230743,1,0.7127866303925378,2.753567,95.66021505376344,12.48864550783705,2.5693816925524477,83.0,126.0,stressed,drive10,57660
86,0.6937381404174573,15,4.0368663594470044,1.5845714285714274,1,14,4.119106699751861,1.5474615384615342,1,0.9022177419354838,2.952159,95.46021505376343,15.568683342820636,3.0686441573564593,69.0,132.0,stressed,drive10,58125
71,0.8497695852534561,1,60.0,0.0,0,0,60.0,0.0,0,5.219354838709678,0.428919,70.01612903225806,3.6026809110427105,0.8785201374255558,64.0,83.0,no,drive10,59055
74,0.8104286345558992,2,34.193548387096776,0.774000000000004,1,0,60.0,0.0,0,4.467741935483871,0.443562,70.58279569892473,2.780911263036763,0.8156172090183803,65.0,79.0,no,drive10,59520
81,0.7443548387096774,4,9.612903225806452,0.9380000000000015,1,1,60.0,0.0,0,4.462365591397849,0.455686,70.18172043010753,3.2186100732398613,1.0107069433302698,65.0,80.0,no,drive10,59985
85,0.7012288786482335,6,7.638709677419355,0.3861999999999979,1,1,60.0,0.0,0,4.779569892473118,0.519834,71.48602150537634,3.6124513286254882,1.0426842894418569,65.0,81.0,no,drive10,60450
87,0.6931732933233308,6,10.064516129032258,2.6518,1,2,2.7096774193548385,0.20899999999998897,1,4.115207373271889,0.519951,76.5,8.900314117931426,1.5819895908829495,68.0,112.0,no,drive10,60915
87,0.6946736684171043,10,6.186379928315412,1.7320000000000024,1,4,18.322580645161292,1.124999999999995,1,3.580645161290322,0.483032,80.74086021505376,12.53625054610244,2.1576708727847547,57.0,120.0,no,drive10,61380
90,0.6676332004349403,14,4.461538461538462,1.388307692307694,1,5,7.419354838709678,1.4089999999999978,1,2.9235993208828526,0.793514,85.00430107526881,12.17206314827925,2.3921291820638317,57.0,120.0,no,drive10,61845
94,0.6416926812348249,14,4.1389578163771725,1.3447692307692307,1,6,10.141935483870968,1.8237999999999945,1,2.5161290322580645,0.750388,91.03118279569892,9.45197798602526,2.4218684350930157,75.0,116.0,no,drive10,62310
85,0.7043010752688172,12,4.7272727272727275,1.2874545454545425,1,4,12.731182795698926,2.294666666666659,1,3.064516129032258,0.349231,84.79784946236559,11.561057905369946,1.986770020164578,64.0,116.0,no,drive10,62775
76,0.7845161290322581,6,6.761290322580645,1.2113999999999934,1,2,30.258064516129032,1.144999999999998,1,4.055299539170507,0.334561,74.70967741935483,5.740219630059295,1.4580609976889516,64.0,90.0,no,drive10,63240
81,0.7338709677419356,8,6.230414746543779,1.5477142857142845,1,5,9.693548387096774,1.7362500000000045,1,2.8960573476702507,0.379589,79.28064516129032,9.55413278886199,1.379926832275075,64.0,106.0,no,drive10,63705
82,0.7287933094384708,6,3.1612903225806455,1.1985999999999999,1,4,4.537634408602151,1.0940000000000063,1,2.9964157706093193,0.413351,81.76666666666667,8.276691372262505,1.4019822964382869,68.0,106.0,no,drive10,64170
80,0.7554103715802369,5,5.951612903225806,2.114499999999991,1,2,12.064516129032258,8.047000000000006,1,2.7711213517665128,1.293545,78.94516129032257,6.241915478837661,1.3977530792717157,68.0,94.0,no,drive10,64635
80,0.7554103715802369,7,5.129032258064516,1.739833333333327,1,4,6.301075268817205,3.279000000000003,1,2.258064516129032,1.303472,77.02150537634408,10.808776297327558,1.6758269972957969,58.0,103.0,no,drive10,65100
80,0.7537770518579011,4,13.18279569892473,3.430333333333333,1,3,19.935483870967744,2.6879999999999944,1,3.556451612903226,0.416446,74.36989247311828,11.291578219988356,1.9457109685933902,58.0,103.0,no,drive10,65565
83,0.7214791502753738,7,8.881720430107528,3.1423333333333328,1,3,20.032258064516128,1.424500000000004,1,3.556451612903226,0.421522,79.09784946236559,13.042778898558897,2.383789892562628,53.0,126.0,no,drive10,66030
87,0.6886721680420107,8,6.654377880184332,2.333142857142861,1,4,15.483870967741936,1.3996666666666677,1,3.9170506912442398,0.435198,84.56129032258065,13.569692924933973,2.859275691702803,53.0,126.0,no,drive10,66495
84,0.7143412359113875,6,9.716129032258063,2.5201999999999996,1,2,27.225806451612904,1.5050000000000012,1,4.575268817204301,0.440641,82.01935483870967,9.928543169883488,2.264054299918997,53.0,124.0,no,drive10,66960
81,0.7435483870967743,6,10.735483870967741,0.818999999999994,1,3,4.580645161290323,0.09600000000000841,1,3.096774193548387,0.750381,77.09784946236559,15.301981588555066,2.866231890995593,29.0,95.0,no,drive10,67425
84,0.7166731441896621,7,8.870967741935482,0.7573333333333337,1,7,8.903225806451614,0.19166666666667131,1,1.9999999999999998,0.756894,78.7247311827957,15.676828019586562,2.887559150415359,29.0,95.0,no,drive10,67890
86,0.6967741935483871,5,9.919354838709678,1.5607500000000023,1,5,9.919354838709676,0.1472500000000055,1,1.8335067637877211,1.586943,83.43440860215054,7.083867703415691,1.530106900168048,70.0,104.0,no,drive10,68355
89,0.6678885630498534,8,5.815668202764977,2.0352857142857084,1,5,9.5,1.7642499999999994,1,2.2838709677419358,1.893951,89.99032258064516,12.016338022285916,2.035476527307184,72.0,124.0,no,drive10,68820
91,0.653046594982079,11,5.412903225806452,1.3312999999999957,1,8,5.161290322580645,1.0037142857142864,1,2.4852734922861153,1.553664,92.03225806451613,13.030445418494736,2.9081748851367872,71.0,128.0,no,drive10,69285
90,0.6647335991301196,12,5.237536656891495,1.5948181818181824,1,8,7.474654377880184,0.6294285714285736,1,2.458064516129032,2.188924,88.51290322580645,9.98333800929524,2.7798676506275224,71.0,128.0,no,drive10,69750
82,0.7311827956989247,9,4.411290322580645,1.5758750000000012,1,4,3.806451612903226,0.5046666666666715,1,5.347670250896057,1.913013,82.53225806451613,8.377872305275977,1.5775606245782097,68.0,109.0,no,drive10,70215
78,0.7666527021365732,6,9.974193548387097,0.5355999999999941,1,0,60.0,0.0,0,,0.722567,78.72043010752688,5.817780664309911,1.2583413827424046,68.0,94.0,no,drive10,70680
78,0.7691663175534144,8,6.774193548387097,0.38385714285714156,1,0,60.0,0.0,0,,0.718656,77.09247311827957,6.379574876440913,1.4536246963381196,65.0,94.0,no,drive10,71145
80,0.755410371580237,8,8.193548387096774,0.7382857142857142,1,1,60.0,0.0,0,,0.411376,78.38817204301075,6.7907962613285875,1.402749875086779,65.0,91.0,no,drive10,71610
62,0.9624537281861448,0,60.0,0.0,0,1,60.0,0.0,0,3.7972350230414746,0.289851,60.61290322580645,12.042337730810111,2.791845730591688,22.0,84.0,no,drive11,0
64,0.9431643625192013,0,60.0,0.0,0,0,60.0,0.0,0,3.9106699751861047,0.289738,62.134408602150536,6.435302411182156,1.6710026124735513,44.0,73.0,no,drive11,465
64,0.9421402969790067,0,60.0,0.0,0,1,60.0,0.0,0,4.661290322580645,0.290433,61.04516129032258,7.451643625128682,1.8853009113593626,44.0,74.0,no,drive11,930
63,0.9521331945889698,0,60.0,0.0,0,1,60.0,0.0,0,3.535483870967741,0.28925,62.763440860215056,6.580351739891723,1.8396424045270068,44.0,80.0,no,drive11,1395
63,0.9427679500520292,0,60.0,0.0,0,0,60.0,0.0,0,3.556451612903226,0.287434,62.88494623655914,6.6658082173625335,2.285113522464251,45.0,84.0,no,drive11,1860
64,0.9359959037378393,0,60.0,0.0,0,0,60.0,0.0,0,3.3851992409867178,0.285839,61.2505376344086,6.839529689797092,2.37202025415343,45.0,84.0,no,drive11,2325
66,0.9141439205955335,0,60.0,0.0,0,1,60.0,0.0,0,3.146110056925996,0.285641,62.590322580645164,9.06517102444258,2.364748283780004,44.0,93.0,no,drive11,2790
65,0.9183467741935484,0,60.0,0.0,0,1,60.0,0.0,0,3.5827956989247314,0.285072,63.69247311827957,11.106137376787354,2.6538758544046543,44.0,94.0,no,drive11,3255
64,0.9421402969790066,0,60.0,0.0,0,0,60.0,0.0,0,4.282878411910669,0.286293,62.340860215053766,8.955862338589846,2.073721998696894,44.0,94.0,no,drive11,3720
63,0.9500520291363163,0,60.0,0.0,0,0,60.0,0.0,0,4.46236559139785,0.287781,60.09569892473118,5.92973940892353,1.737635080437321,44.0,80.0,no,drive11,4185
63,0.9458896982310094,0,60.0,0.0,0,0,60.0,0.0,0,3.8294930875576036,0.285424,60.456989247311824,5.638460436737902,1.8504356104257018,44.0,81.0,no,drive11,4650
65,0.9173387096774193,0,60.0,0.0,0,0,60.0,0.0,0,3.7935483870967746,0.284336,60.543010752688176,5.963939988185668,1.9644307468859998,44.0,81.0,no,drive11,5115
67,0.9012707722385142,0,60.0,0.0,0,0,60.0,0.0,0,3.866359447004608,0.283826,61.23978494623656,6.632562873907229,2.3822089052033495,44.0,84.0,no,drive11,5580
68,0.8801155512758787,0,60.0,0.0,0,0,60.0,0.0,0,3.3266129032258065,0.282514,62.84516129032258,7.268410308646978,2.7691985682578517,48.0,89.0,no,drive11,6045
64,0.9288274449564773,0,60.0,0.0,0,0,60.0,0.0,0,3.0250896057347667,0.282957,62.57311827956989,7.698731075236077,2.5432745477412335,48.0,89.0,no,drive11,6510
64,0.9411162314388121,0,60.0,0.0,0,0,60.0,0.0,0,3.0186757215619693,0.286304,60.9,7.059173852786951,2.0344185872527096,43.0,95.0,no,drive11,6975
66,0.9161290322580645,0,60.0,0.0,0,0,60.0,0.0,0,3.1469534050179213,0.284407,62.21182795698925,9.963010615749688,2.512616175036898,43.0,95.0,no,drive11,7440
66,0.9111662531017369,0,60.0,0.0,0,0,60.0,0.0,0,3.381404174573055,0.280143,65.84086021505377,9.848008767227256,2.5912828945963757,53.0,95.0,no,drive11,7905
67,0.8914956011730206,0,60.0,0.0,0,0,60.0,0.0,0,3.471774193548387,0.280577,67.85698924731183,10.902795319278352,2.448390873344368,57.0,99.0,no,drive11,8370
67,0.8866080156402737,0,60.0,0.0,0,1,60.0,0.0,0,3.2599620493358636,0.281576,63.49354838709677,12.076212345485239,2.13485100303671,40.0,99.0,no,drive11,8835
66,0.9141439205955335,0,60.0,0.0,0,0,60.0,0.0,0,3.172043010752688,0.280511,57.79032258064516,7.056920107335641,1.9003710475606834,40.0,83.0,no,drive11,9300
64,0.9431643625192011,0,60.0,0.0,0,0,60.0,0.0,0,3.30550284629981,0.280525,56.47741935483871,8.410568480041933,2.425865286792799,41.0,83.0,no,drive11,9765
63,0.951092611862643,0,60.0,0.0,0,1,60.0,0.0,0,3.186379928315412,0.282147,55.63010752688172,7.7907276696626075,2.377006828753279,41.0,77.0,no,drive11,10230
67,0.8846529814271751,0,60.0,0.0,0,0,60.0,0.0,0,3.0394265232974913,0.282032,58.79032258064516,6.81949395082979,2.1942777131562567,42.0,81.0,no,drive11,10695
72,0.8314402544298045,0,60.0,0.0,0,1,60.0,0.0,0,3.3548387096774195,0.2798,60.016129032258064,6.498366880407949,2.193787097674852,44.0,81.0,no,drive11,11160
66,0.9032258064516129,0,60.0,0.0,0,0,60.0,0.0,0,3.175627240143369,0.28077,59.13548387096774,7.6492271752623555,1.9479226328124624,44.0,83.0,no,drive11,11625
65,0.910282258064516,0,60.0,0.0,0,0,60.0,0.0,0,3.005093378607809,0.280635,58.03655913978495,7.702866174370805,1.8695336535640101,44.0,83.0,no,drive11,12090
66,0.9062034739454095,0,60.0,0.0,0,0,60.0,0.0,0,3.10752688172043,0.277167,58.80215053763441,8.397618434722304,2.286761639175055,44.0,80.0,no,drive11,12555
62,0.9730301427815969,0,60.0,0.0,0,0,60.0,0.0,0,3.3434535104364325,0.278854,57.512903225806454,9.235063218329843,2.391904178142715,42.0,80.0,no,drive11,13020
80,0.7439771335238876,7,4.440860215053764,1.0848333333333324,1,7,6.279569892473119,0.4223333333333317,1,1.1253101736972704,0.951276,80.89677419354838,13.189523796607272,3.0754768067415443,56.0,135.0,stressed,drive11,13950
80,0.7480604328297265,14,4.119106699751862,0.8625384615384619,1,12,4.879765395894427,0.7921818181818167,1,1.0599078341013826,0.707177,80.98064516129033,18.487940027636593,4.700617186877408,39.0,135.0,stressed,drive11,14415
81,0.7387096774193549,19,3.2867383512544803,0.5617222222222222,1,14,3.841191066997519,0.28192307692307617,1,0.8470046082949308,0.339775,78.55591397849463,17.151745027780017,4.3787332219071,39.0,135.0,stressed,drive11,14880
77,0.7767402376910016,17,3.4314516129032255,0.47812499999999947,1,13,4.602150537634409,0.31799999999999945,1,0.7314516129032258,0.308633,74.35591397849463,7.317176174959573,2.1864146546299548,55.0,88.0,stressed,drive11,15345
74,0.8121961997348653,12,4.633431085043989,0.6203636363636342,1,9,6.379032258064516,0.5705000000000015,1,1.070967741935484,0.300881,71.0752688172043,9.733808236101616,2.1743192394414814,42.0,88.0,stressed,drive11,15810
69,0.872865275142315,10,6.028673835125447,0.43177777777777504,1,9,6.78225806451613,0.6258750000000014,1,1.5314091680814943,0.285577,66.47741935483872,9.2243265224017,2.2652425928155475,42.0,86.0,stressed,drive11,16275
66,0.905210918114144,10,6.3512544802867374,0.7651111111111091,1,12,4.53958944281525,0.5633636363636374,1,1.0276497695852533,0.281079,67.36666666666666,7.414020912648546,1.9172886309303931,56.0,87.0,stressed,drive11,16740
65,0.9183467741935485,8,7.972350230414746,1.4419999999999986,1,8,7.447004608294931,0.6585714285714275,1,1.1716129032258065,0.291391,66.15806451612903,7.883954340231076,2.2411168982364167,54.0,87.0,stressed,drive11,17205
66,0.9141439205955335,7,6.236559139784947,1.5903333333333318,1,7,5.978494623655915,0.6921666666666667,1,1.1445161290322583,0.304962,68.28172043010753,12.312341445835148,2.9478787688331676,54.0,106.0,stressed,drive11,17670
71,0.8433179723502304,6,6.916129032258064,1.0646000000000035,1,10,4.795698924731183,0.5325555555555537,1,0.8938605619146721,0.309655,74.3,12.63666367429332,3.371347643010476,55.0,106.0,stressed,drive11,18135
76,0.7965591397849463,6,8.01290322580645,1.3870000000000002,1,9,5.112903225806452,0.45662499999999817,1,1.36384096024006,0.300124,75.3236559139785,11.309886224858285,2.735958377867834,60.0,104.0,stressed,drive11,18600
69,0.8719165085388996,7,7.161290322580645,1.224166666666667,1,6,8.735483870967741,0.6123999999999997,1,1.1290322580645162,0.275818,70.17849462365591,11.691020811987087,2.2744899710996616,57.0,96.0,stressed,drive11,19065
63,0.9531737773152965,4,10.903225806451614,2.378666666666669,1,8,7.880184331797234,0.7071428571428556,1,1.105295191722459,0.267831,64.4247311827957,9.364037314118864,2.9666245365755066,57.0,96.0,stressed,drive11,19530
65,0.9223790322580645,4,11.333333333333334,0.5166666666666664,1,11,4.858064516129032,0.3323999999999986,1,1.5042444821731749,0.289434,64.09892473118279,8.136926246210548,2.7559506026841043,57.0,96.0,stressed,drive11,19995
68,0.8743379874819451,9,6.758064516129032,1.4126250000000007,1,16,3.3419354838709676,0.5761333333333342,1,1.1587096774193548,0.311228,67.27634408602151,7.378694960659712,2.394602829822555,58.0,91.0,stressed,drive11,20460
70,0.8583450210378681,10,5.720430107526881,1.5166666666666682,1,17,3.088709677419355,0.5060625000000019,1,1.1729032258064513,0.35354,88.6268817204301,44.73070591402124,8.197836360303379,60.0,232.0,stressed,drive11,20925
68,0.889744824265768,9,5.629032258064516,1.1127499999999992,1,13,4.586021505376345,0.6038333333333333,1,1.2559139784946238,0.369941,85.947311827957,45.81597620447948,8.139327642205405,60.0,232.0,stressed,drive11,21390
67,0.8866080156402737,6,5.5612903225806445,1.0297999999999956,1,11,3.8903225806451616,0.4860999999999998,1,1.3642800944138473,0.319552,73.72903225806452,17.12910232251835,3.6152410303065627,56.0,116.0,stressed,drive11,21855
67,0.8866080156402737,7,7.333333333333335,0.8476666666666665,1,10,5.275985663082437,0.31077777777778026,1,1.1638709677419354,0.327787,79.11397849462365,17.905243969042573,4.105838736853444,48.0,116.0,stressed,drive11,22320
69,0.872865275142315,9,5.685483870967742,0.6806249999999996,1,9,6.508064516129032,0.36237500000000145,1,0.9700056593095642,0.348817,83.1010752688172,36.359147862022276,8.283850214788707,48.0,232.0,stressed,drive11,22785
69,0.870967741935484,8,7.668202764976959,0.7362857142857125,1,8,7.668202764976959,0.33857142857142725,1,0.9892473118279568,0.39321,79.51290322580645,36.40279950774922,8.197114144709671,56.0,232.0,stressed,drive11,23250
67,0.8905180840664714,9,6.57258064516129,1.1892500000000008,1,12,4.809384164222873,0.49381818181818055,1,0.7311827956989246,0.384204,70.31935483870967,11.172073074773007,3.034072744114248,56.0,112.0,stressed,drive11,23715
67,0.8983382209188662,9,4.951612903225806,1.3612500000000032,1,11,4.690322580645161,0.5218000000000009,1,0.6858678955453149,0.318427,73.00860215053764,13.055461971654957,3.6299495736755545,51.0,112.0,stressed,drive11,24180
66,0.9042183622828786,6,10.65806451612903,2.0659999999999976,1,7,8.731182795698926,1.0574999999999972,1,0.9122983870967742,0.317026,71.04086021505377,11.905291464362723,3.5926908218252134,51.0,103.0,stressed,drive11,24645
66,0.8992555831265509,5,13.693548387096774,2.0329999999999986,1,8,7.806451612903226,0.5635714285714278,1,1.2258064516129032,0.290096,68.6752688172043,9.771801166930121,2.751063988317039,51.0,103.0,stressed,drive11,25110
64,0.9380440348182284,4,3.548387096774194,1.3020000000000016,1,10,4.659498207885305,0.42444444444444285,1,1.048984468339307,0.289793,66.20860215053763,10.334696294927223,2.9553549215947292,51.0,103.0,stressed,drive11,25575
64,0.9431643625192013,7,9.548387096774194,1.529166666666663,1,15,4.064516129032257,0.5091428571428575,1,0.8047079337401918,0.304481,70.89462365591397,17.14353300177931,3.347154696760722,49.0,116.0,stressed,drive11,26040
65,0.9143145161290323,9,6.975806451612903,1.0902499999999988,1,13,4.349462365591398,0.3343333333333312,1,0.7295898048586221,0.288925,77.1,17.311618946177,3.2662609679021877,49.0,116.0,stressed,drive11,26505
67,0.8934506353861194,7,7.881720430107528,0.6686666666666689,1,10,5.942652329749105,0.15866666666666523,1,1.0122358175750834,0.286452,103.16021505376344,57.71329889003882,6.797707458796044,60.0,225.0,stressed,drive11,26970
69,0.8709677419354839,9,6.580645161290323,1.2867500000000003,1,14,4.516129032258065,0.4926923076923073,1,1.267882187938289,0.393404,103.1494623655914,58.01779690556566,7.132077056732119,61.0,225.0,stressed,drive11,27435
68,0.8858931150698123,10,5.376344086021505,1.3175555555555567,1,13,4.198924731182795,0.6596666666666655,1,0.9797703663203936,0.386297,73.11827956989248,17.770126836711338,3.986251938976049,41.0,118.0,stressed,drive11,27900
66,0.9052109181141439,6,10.025806451612903,0.8332000000000018,1,9,6.653225806451613,0.38825,1,0.8914956011730204,0.281382,69.32688172043011,14.985678753252634,3.4709311078803102,41.0,107.0,stressed,drive11,28365
65,0.9304435483870969,4,15.56989247311828,0.7756666666666637,1,7,7.193548387096775,0.4300000000000015,1,0.8733750601829563,0.272662,80.14301075268817,40.918434202716455,7.474823188594731,47.0,225.0,stressed,drive11,28830
64,0.9421402969790066,5,9.903225806451612,0.7384999999999994,1,7,7.752688172043009,0.36449999999999944,1,0.7939784946236559,0.272605,82.09784946236559,41.168837986778776,7.383978816647107,47.0,225.0,stressed,drive11,29295
64,0.9390681003584233,6,5.922580645161291,0.7006000000000002,1,9,5.580645161290323,0.2017500000000011,1,0.7382605144957125,0.281984,81.03440860215053,39.97454699488097,7.2807752222124815,47.0,225.0,stressed,drive11,29760
63,0.9500520291363165,4,18.967741935483872,0.42666666666665637,1,5,9.580645161290322,0.3785000000000036,1,0.7480604328297265,0.289518,78.95913978494623,40.19562977518167,7.4603364549816735,47.0,225.0,stressed,drive11,30225
63,0.9490114464099897,3,8.64516129032258,0.6089999999999951,1,5,10.274193548387096,0.4077499999999984,1,0.7217741935483871,0.288648,66.40967741935484,12.372398734019857,3.2990522826110995,47.0,99.0,stressed,drive11,30690
64,0.9308755760368667,6,10.361290322580645,0.4081999999999978,1,8,8.267281105990785,0.26014285714285446,1,0.7480604328297263,0.287036,66.06129032258065,10.455410003202534,2.8303293558609055,48.0,99.0,stressed,drive11,31155
66,0.9181141439205955,7,8.247311827956988,0.2658333333333348,1,9,6.21774193548387,0.32437499999999847,1,0.8396313364055299,0.287704,68.34516129032258,10.647136180445575,3.1088955324434644,59.0,101.0,stressed,drive11,31620
69,0.874762808349146,8,7.188940092165899,0.31485714285714295,1,10,4.630824372759856,0.2413333333333325,1,0.8024745912505522,0.290141,73.47741935483872,15.64704877207694,3.421894929495026,60.0,112.0,stressed,drive11,32085
72,0.83507496592458,10,6.21505376344086,0.606777777777776,1,12,4.4985337243401755,0.3528181818181826,1,0.8121961997348652,0.284353,83.15268817204301,34.92662536576355,6.839620533478493,51.0,232.0,stressed,drive11,32550
69,0.8719165085388996,9,6.870967741935484,1.4791249999999958,1,12,4.950146627565982,0.48690909090909035,1,0.8695233509870004,0.274042,77.35268817204302,34.27746239524743,6.565641067441936,51.0,232.0,stressed,drive11,33015
64,0.9318996415770611,5,8.064516129032258,1.5074999999999952,1,8,4.645161290322581,0.41342857142857303,1,0.7942458587619878,0.27167,64.29247311827957,5.34814281018136,1.7964203132543848,50.0,89.0,stressed,drive11,33480
65,0.9294354838709677,5,9.903225806451612,2.2525000000000013,1,6,10.09032258064516,0.8887999999999998,1,0.8038360941586749,0.269136,63.715053763440864,5.5559218864075275,1.7195763866161822,50.0,90.0,stressed,drive11,33945
67,0.895405669599218,8,5.5852534562211975,1.7639999999999978,1,10,5.039426523297491,0.771666666666667,1,0.855787476280835,0.268614,68.59462365591398,11.340865924263833,2.8615336091578847,51.0,111.0,stressed,drive11,34410
69,0.8624288425047437,6,9.122580645161289,2.100800000000001,1,10,5.899641577060932,0.6637777777777778,1,0.8893300248138957,0.296027,75.32903225806452,15.70690267164707,3.704940988563864,51.0,111.0,stressed,drive11,34875
71,0.8451612903225809,6,11.35483870967742,1.9941999999999958,1,10,6.229390681003584,0.3404444444444429,1,1.1054590570719605,0.319271,77.52580645161291,15.641063979606756,3.769174159261119,54.0,112.0,stressed,drive11,35340
68,0.8839672604718344,5,9.67741935483871,0.6317499999999976,1,11,5.225806451612903,0.26009999999999805,1,1.4855687606112054,0.363349,71.42903225806451,12.231715172154837,3.039035595709828,56.0,112.0,stressed,drive11,35805
67,0.9002932551319649,10,6.078853046594983,1.230666666666666,1,12,5.2140762463343115,0.33454545454545426,1,1.4870967741935484,0.407659,69.63870967741936,11.538090562087758,2.7140348063413433,56.0,109.0,stressed,drive11,36270
69,0.8681214421252373,11,5.658064516129032,1.5005999999999997,1,12,5.219941348973607,0.6095454545454561,1,0.8960573476702509,0.355809,75.55376344086021,14.898863773808102,3.288594636384097,53.0,109.0,stressed,drive11,36735
68,0.8839672604718345,7,8.516129032258064,1.7863333333333324,1,11,5.387096774193547,0.40209999999999957,1,0.6907020872865275,0.276041,99.2516129032258,57.7057713386247,8.560806376311863,52.0,232.0,stressed,drive11,37200
65,0.9233870967741935,11,5.593548387096774,0.8320999999999996,1,13,4.639784946236559,0.32541666666666325,1,0.7167584579071598,0.273493,96.16774193548387,58.545854028559546,8.467439059101102,52.0,232.0,stressed,drive11,37665
68,0.8878189696677902,14,4.456575682382134,1.02923076923077,1,14,4.0198511166253095,0.4426153846153811,1,0.731979291119076,0.356946,77.88924731182796,15.593477836786885,3.8231913697500017,60.0,116.0,stressed,drive11,38130
71,0.8516129032258066,10,6.236559139784947,1.5221111111111163,1,12,4.451612903225807,0.500272727272725,1,0.6543778801843319,0.354927,90.27096774193548,33.409510527499975,7.628836009443915,57.0,232.0,stressed,drive11,38595
67,0.8963831867057674,8,7.585253456221198,1.4867142857142917,1,12,4.850439882697947,0.3114545454545442,1,0.6654584994563247,0.283305,83.61290322580645,34.73377466276835,7.207444423165867,50.0,232.0,stressed,drive11,39060
66,0.9131513647642681,8,7.622119815668202,1.3768571428571441,1,13,4.451612903225805,0.3362499999999999,1,0.7708420611646418,0.282853,73.33870967741936,14.038668045281407,3.4755798859464107,50.0,101.0,stressed,drive11,39525
68,0.8916706788637457,9,7.233870967741936,1.2115000000000002,1,14,4.451612903225806,0.39023076923077077,1,0.858345021037868,0.291374,72.02043010752688,12.907471031040822,3.6637461050223905,51.0,101.0,stressed,drive11,39990
69,0.872865275142315,8,7.465437788018434,0.9855714285714274,1,15,3.824884792626728,0.42350000000000015,1,1.208689927583937,0.310884,76.03118279569892,15.042380834882474,4.040563965368531,52.0,109.0,stressed,drive11,40455
69,0.8633776091081593,8,7.788018433179723,1.551857142857145,1,13,4.408602150537634,0.30116666666666697,1,1.7947214076246332,0.327531,78.20752688172043,14.157370029131487,3.96228180119998,58.0,109.0,stressed,drive11,40920
67,0.8914956011730205,11,4.541935483870968,1.5791999999999997,1,13,3.908602150537634,0.4122499999999994,1,1.1814516129032258,0.31641,71.23763440860215,10.633204374232275,3.4170156122404447,58.0,101.0,stressed,drive11,41385
67,0.9012707722385142,7,9.516129032258064,2.0061666666666618,1,8,3.9447004608294933,0.3882857142857111,1,0.7681720430107526,0.285383,72.03010752688172,12.160713980049321,3.3102899232050302,62.0,103.0,stressed,drive11,41850
66,0.9101736972704716,5,6.693548387096774,0.4302500000000039,1,9,7.137096774193549,0.4316249999999967,1,0.6288624787775889,0.273332,72.95591397849462,11.812386085159018,2.9020611805752714,62.0,103.0,stressed,drive11,42315
65,0.9173387096774195,6,10.270967741935484,0.7503999999999997,1,12,4.826979472140763,0.3049090909090892,1,0.6231983527796843,0.266054,70.64301075268817,10.897443695996381,3.3809126735129293,60.0,103.0,stressed,drive11,42780
65,0.9284274193548387,3,7.419354838709678,0.38699999999999857,1,4,8.795698924731182,0.33333333333333465,1,0.6182795698924731,0.267323,68.89784946236558,10.688316186475287,3.2720231707170666,60.0,103.0,stressed,drive11,43245
65,0.9203629032258065,4,15.849462365591398,0.5849999999999981,1,6,5.174193548387097,0.13359999999999891,1,0.6508330379298122,0.273881,70.74516129032259,12.298290956789744,2.987054955794141,59.0,104.0,stressed,drive11,43710
64,0.9359959037378393,6,8.077419354838709,1.363999999999995,1,8,6.211981566820277,0.26928571428571385,1,0.6814979606970707,0.27802,68.5720430107527,12.334132774945227,3.0077044950238108,58.0,104.0,stressed,drive11,44175
63,0.9510926118626434,4,16.021505376344084,0.7396666666666629,1,5,12.080645161290322,0.3487500000000008,1,0.7005692599620493,0.281099,64.84623655913978,7.504193224060783,2.207970686690179,58.0,91.0,stressed,drive11,44640
66,0.9081885856079406,2,14.580645161290322,1.645999999999992,1,5,12.419354838709676,0.5262499999999996,1,0.6166383701188456,0.279526,65.90537634408602,6.62949365703654,1.9343365003142017,60.0,91.0,stressed,drive11,45105
67,0.8983382209188663,1,60.0,0.0,0,4,14.580645161290326,0.5479999999999988,1,0.5587340231284236,0.277663,68.64408602150537,8.81306413419649,2.3885265758296605,61.0,95.0,stressed,drive11,45570
66,0.905210918114144,7,3.720430107526882,0.763999999999999,1,7,9.043010752688172,0.2624999999999961,1,0.6715542521994134,0.300088,70.27956989247312,10.14398024933401,2.660559925528922,62.0,97.0,stressed,drive11,46035
65,0.9183467741935484,9,5.35483870967742,0.8878750000000021,1,9,6.596774193548387,0.29637499999999856,1,0.7367582636399841,0.316416,66.40967741935484,8.185412733416186,1.957569284263284,51.0,97.0,stressed,drive11,46500
65,0.9203629032258065,5,10.774193548387096,2.4142500000000062,1,12,4.9560117302052795,0.49263636363636487,1,0.7374438546345448,0.309116,63.82365591397849,6.095572125528398,1.7435101868924172,50.0,91.0,stressed,drive11,46965
67,0.8963831867057674,3,8.096774193548388,3.3145000000000064,1,11,4.1806451612903235,0.5405000000000006,1,0.7853763440860216,0.305108,69.06451612903226,11.923687864614314,2.5754492120216437,50.0,104.0,stressed,drive11,47430
68,0.8781896966779009,3,14.387096774193548,1.6020000000000028,1,6,10.193548387096772,0.4211999999999997,1,0.898338220918866,0.306092,74.34731182795699,13.805594092888652,2.795891187972782,53.0,109.0,stressed,drive11,47895
71,0.8387096774193548,6,5.058064516129032,1.8260000000000005,1,9,7.096774193548387,0.44999999999999707,1,1.2678821879382887,0.315867,79.11720430107528,16.022169611690796,3.558068197817873,53.0,111.0,stressed,drive11,48360
71,0.8423963133640554,9,6.145161290322581,3.0824999999999996,1,10,5.182795698924732,0.46833333333333343,1,1.1223371880706028,0.345773,79.04408602150538,15.166573052048967,4.12858449145971,62.0,111.0,stressed,drive11,48825
69,0.8728652751423149,9,7.040322580645162,2.0929999999999964,1,13,4.279569892473119,0.3116666666666674,1,0.7498952660242981,0.320309,71.90107526881721,11.221566166578253,3.39013321704012,63.0,103.0,stressed,drive11,49290
67,0.8963831867057674,6,10.06451612903226,1.0349999999999966,1,12,4.129032258064516,0.2215454545454553,1,0.7633012149141181,0.271114,72.20322580645161,11.633682574289795,2.912428362489073,60.0,101.0,stressed,drive11,49755
68,0.8887818969667791,5,11.306451612903226,2.576250000000003,1,14,4.3076923076923075,0.3848461538461544,1,0.8444022770398482,0.284324,74.19032258064516,13.429998234702555,3.052818140775152,60.0,106.0,stressed,drive11,50220
70,0.8620850864890137,2,11.225806451612904,3.015000000000004,1,12,3.436950146627566,0.4758181818181836,1,1.2616487455197134,0.300467,75.32688172043011,15.165844050371991,3.7930875886707796,62.0,112.0,stressed,drive11,50685
67,0.8905180840664713,3,4.161290322580645,1.6514999999999995,1,8,8.00921658986175,0.33785714285713847,1,1.4366640440597953,0.296957,73.33118279569892,14.06765510333441,4.020935525137022,60.0,112.0,stressed,drive11,51150
67,0.8875855327468232,7,6.354838709677419,1.253333333333334,1,11,4.251612903225807,0.4307999999999973,1,0.705694942254082,0.281593,68.99677419354839,10.208524285556477,2.905582763376936,50.0,103.0,stressed,drive11,51615
68,0.8887818969667791,6,9.458064516129031,0.9791999999999991,1,14,4.456575682382134,0.3561538461538467,1,0.6876660341555977,0.277462,68.04086021505377,10.809018900094989,2.546658250614948,50.0,103.0,stressed,drive11,52080
67,0.9042033235581624,6,10.193548387096774,0.4593999999999995,1,20,3.0152801358234296,0.20815789473684282,1,0.7649769585253455,0.276873,69.6741935483871,11.183238256338047,2.738317980184697,52.0,97.0,stressed,drive11,52545
73,0.8243727598566309,7,8.967741935483872,0.7586666666666652,1,18,3.27134724857685,0.1630588235294119,1,0.8105406633348478,0.287262,81.20215053763441,33.39622017918957,7.290231162197651,59.0,232.0,stressed,drive11,53010
72,0.8405270331667426,6,10.038709677419355,1.8439999999999983,1,14,3.9801488833746896,0.20800000000000063,1,0.8962779156327544,0.294116,81.33118279569892,33.598547006776734,7.479286070820606,59.0,232.0,stressed,drive11,53475
67,0.8963831867057674,5,8.838709677419354,2.8172499999999996,1,10,5.111111111111111,0.4100000000000008,1,1.003337041156841,0.282135,76.56989247311827,12.804399319137225,3.5763244928786637,61.0,99.0,stressed,drive11,53940
66,0.9071960297766749,2,3.5483870967741935,1.827999999999994,1,3,7.193548387096774,0.622499999999995,1,1.7258064516129032,0.274867,72.77204301075268,12.8353373572111,3.0496430820473797,57.0,99.0,stressed,drive11,54405
64,0.9400921658986174,2,16.258064516129032,0.003999999999997006,1,4,7.78494623655914,0.0923333333333366,1,1.493548387096774,0.271953,65.27311827956989,7.507890326719814,2.4192001987686513,57.0,94.0,stressed,drive11,54870
66,0.9101736972704716,3,20.41935483870968,0.036499999999993316,1,7,7.645161290322581,0.08416666666666471,1,0.9571847507331376,0.269752,67.61182795698925,8.577469229265901,2.6443269495556696,58.0,93.0,stressed,drive11,55335
66,0.9022332506203474,4,11.46236559139785,0.6933333333333295,1,8,7.907834101382488,0.10142857142857153,1,1.0908004778972522,0.268955,69.30860215053764,8.991897857420032,2.6915327904578454,61.0,104.0,stressed,drive11,55800
66,0.9062034739454095,7,6.344086021505376,1.9566666666666694,1,9,6.588709677419355,0.277250000000001,1,0.9284274193548387,0.268767,69.22150537634408,9.454495994395238,2.4589197484640355,60.0,104.0,stressed,drive11,56265
65,0.9254032258064517,7,7.688172043010752,1.9438333333333357,1,7,7.763440860215053,0.40833333333333277,1,1.217741935483871,0.273431,68.7741935483871,13.187423980116671,2.1033573040098394,46.0,103.0,stressed,drive11,56730
66,0.9062034739454095,4,13.591397849462366,4.287999999999996,1,5,12.85483870967742,0.542500000000002,1,1.3394777265745006,0.27516,71.77204301075268,18.26117784416478,3.030700466483903,46.0,126.0,stressed,drive11,57195
69,0.8643263757115749,10,4.43010752688172,1.358333333333335,1,11,3.703225806451613,0.3088000000000003,1,0.6986624704956726,0.289279,75.18279569892474,16.809077320189544,3.8509641195629785,49.0,126.0,stressed,drive11,57660
70,0.855539971949509,12,4.568914956011731,1.2681818181818203,1,16,3.8623655913978494,0.28726666666666656,1,0.5645161290322581,0.307954,76.58064516129032,14.526299901594994,3.894325313167781,49.0,104.0,stressed,drive11,58125
70,0.8564749883122956,11,4.148387096774194,0.9625000000000021,1,12,4.398826979472141,0.3041818181818179,1,0.6922201138519923,0.315489,78.24623655913979,14.451870877433764,4.0569147869785445,62.0,104.0,stressed,drive11,58590
71,0.847004608294931,2,4.580645161290323,5.451999999999995,1,2,7.096774193548387,1.1590000000000056,1,2.906451612903226,0.32969,71.40107526881721,11.73064174855938,2.0804590865393777,57.0,120.0,no,drive11,59520
62,0.9624537281861449,0,60.0,0.0,0,0,60.0,0.0,0,3.917050691244239,0.275335,62.21182795698925,5.861966888200427,1.8199350583996807,49.0,82.0,no,drive11,59985
62,0.9592808038075092,0,60.0,0.0,0,2,1.8064516129032258,0.01700000000000257,1,3.20303605313093,0.27631,67.8989247311828,14.031090628320419,2.697525078670043,49.0,104.0,no,drive11,60450
63,0.9531737773152966,0,60.0,0.0,0,2,1.8064516129032258,0.01700000000000257,1,3.252371916508539,0.274832,70.66881720430108,13.897319138817949,2.8937034944662003,57.0,104.0,no,drive11,60915
62,0.9751454257006875,0,60.0,0.0,0,0,60.0,0.0,0,3.6411290322580645,0.274434,62.33118279569892,8.564994755406106,1.986228149154864,45.0,89.0,no,drive11,61380
61,0.9774193548387096,0,60.0,0.0,0,0,60.0,0.0,0,3.5,0.27415,62.339784946236556,8.724617744776076,1.8935616937537758,45.0,88.0,no,drive11,61845
61,0.9795698924731181,0,60.0,0.0,0,1,60.0,0.0,0,3.3282732447817835,0.272396,61.078494623655914,9.359445225981247,1.9699027094268144,43.0,88.0,no,drive11,62310
62,0.9645690111052352,0,60.0,0.0,0,1,60.0,0.0,0,3.396584440227704,0.274064,57.62258064516129,6.767929259274961,2.0128756694615895,43.0,82.0,no,drive11,62775
63,0.9479708636836628,0,60.0,0.0,0,0,60.0,0.0,0,3.324478178368121,0.273769,59.10645161290323,7.500140592970598,2.1408930462594498,43.0,82.0,no,drive11,63240
66,0.9181141439205955,1,60.0,0.0,0,1,60.0,0.0,0,3.096774193548387,0.275345,67.51182795698925,16.18702420374269,2.623689380128964,52.0,124.0,no,drive11,63705
66,0.9181141439205955,1,60.0,0.0,0,1,60.0,0.0,0,3.358633776091082,0.278278,70.81612903225806,16.12630116662479,2.7582931025568125,47.0,124.0,no,drive11,64170
64,0.9370199692780337,0,60.0,0.0,0,1,60.0,0.0,0,3.720430107526882,0.280534,62.096774193548384,9.634017369168562,2.0016139881577577,47.0,91.0,no,drive11,64635
62,0.9783183500793229,0,60.0,0.0,0,2,26.64516129032258,0.007999999999995122,1,3.70752688172043,0.280114,57.736559139784944,5.0494817139817245,1.5562644684634863,45.0,82.0,no,drive11,65100
63,0.9635796045785637,0,60.0,0.0,0,1,60.0,0.0,0,3.7649769585253456,0.278776,60.31720430107527,8.771497385145588,1.9548179557296523,45.0,88.0,no,drive11,65565
66,0.9121588089330024,0,60.0,0.0,0,0,60.0,0.0,0,3.6430107526881716,0.27773,59.99677419354839,8.930616080241462,2.143154420919145,44.0,88.0,no,drive11,66030
65,0.910282258064516,0,60.0,0.0,0,0,60.0,0.0,0,3.5870967741935478,0.275645,57.99247311827957,7.904194293669221,1.9476463121311927,44.0,86.0,no,drive11,66495
66,0.913151364764268,0,60.0,0.0,0,0,60.0,0.0,0,3.750537634408602,0.276837,60.417204301075266,7.927095546098253,2.01260826651528,47.0,86.0,no,drive11,66960
69,0.8719165085388993,0,60.0,0.0,0,0,60.0,0.0,0,3.9815668202764973,0.276492,59.36021505376344,6.338848302587328,1.9017865941611045,45.0,84.0,no,drive11,67425
69,0.8614800759013281,0,60.0,0.0,0,0,60.0,0.0,0,4.105990783410139,0.274752,56.58709677419355,5.357483476940318,1.5744871189807756,45.0,79.0,no,drive11,67890
68,0.8820414058738565,0,60.0,0.0,0,0,60.0,0.0,0,3.858064516129032,0.272474,56.55161290322581,6.18044284356948,1.4668933510439406,44.0,80.0,no,drive11,68355
63,0.9583766909469302,0,60.0,0.0,0,1,60.0,0.0,0,3.87557603686636,0.273362,57.22150537634408,7.607323147847575,1.6394622237818566,44.0,87.0,no,drive11,68820
65,0.9193548387096774,0,60.0,0.0,0,1,60.0,0.0,0,3.894009216589862,0.274058,58.84516129032258,8.35101585642133,1.970995278955865,45.0,89.0,no,drive11,69285
69,0.8614800759013282,1,60.0,0.0,0,0,60.0,0.0,0,3.7247311827956993,0.273813,58.52258064516129,7.394419997789645,1.8579825163914652,45.0,89.0,no,drive11,69750
72,0.8323489323034983,1,60.0,0.0,0,0,60.0,0.0,0,3.377609108159393,0.275432,56.233333333333334,6.836521679467938,2.157421416645094,42.0,80.0,no,drive11,70215
71,0.8525345622119815,0,60.0,0.0,0,0,60.0,0.0,0,3.267552182163188,0.274441,55.7494623655914,7.799408905862143,2.401784410197513,41.0,80.0,no,drive11,70680
65,0.9254032258064516,0,60.0,0.0,0,0,60.0,0.0,0,3.6559139784946244,0.271184,54.527956989247315,5.434633374214728,1.4959579554656577,41.0,77.0,no,drive11,71145
64,0.9452124935995901,0,60.0,0.0,0,0,60.0,0.0,0,3.653225806451613,0.269405,55.336559139784946,7.273878510848839,1.5897952288745938,41.0,82.0,no,drive11,71610
61,0.9709677419354839,0,60.0,0.0,0,0,60.0,0.0,0,3.6086021505376342,0.269792,56.08817204301075,7.170486845731592,1.6424141437502777,41.0,82.0,no,drive11,72075
63,0.9396462018730489,0,60.0,0.0,0,0,60.0,0.0,0,3.3911290322580645,0.268289,55.24623655913979,4.620968085971451,1.3209417001677992,47.0,72.0,no,drive11,72540
81,0.735483870967742,2,25.548387096774192,7.318999999999996,1,2,26.451612903225808,2.734999999999996,1,3.2974910394265233,0.273744,78.1258064516129,4.671611893444182,1.0488601635234698,70.0,94.0,no,drive12,0
87,0.68192048012003,0,60.0,0.0,0,0,60.0,0.0,0,3.3776091081593926,0.267793,78.43440860215054,2.801784938891094,0.9343348975359416,72.0,86.0,no,drive12,465
87,0.6931732933233308,0,60.0,0.0,0,0,60.0,0.0,0,3.314516129032258,0.270185,79.98387096774194,2.403124772358422,0.8674225954491859,74.0,86.0,no,drive12,930
80,0.7456104532462229,0,60.0,0.0,0,1,60.0,0.0,0,3.381404174573055,0.274335,79.83655913978495,2.7074483065284904,0.7074872529822713,72.0,86.0,no,drive12,1395
78,0.7741935483870966,0,60.0,0.0,0,1,60.0,0.0,0,3.57258064516129,0.270765,78.8741935483871,2.730213400057008,0.7158064696866115,72.0,85.0,no,drive12,1860
78,0.773355676581483,0,60.0,0.0,0,1,60.0,0.0,0,3.4516129032258065,0.268428,79.6774193548387,2.8145600329323637,0.712037057126387,74.0,85.0,no,drive12,2325
81,0.7282258064516128,0,60.0,0.0,0,1,60.0,0.0,0,3.200716845878136,0.272464,82.1741935483871,2.9617236780859084,0.7908246707389068,75.0,89.0,no,drive12,2790
80,0.7472437729685585,0,60.0,0.0,0,0,60.0,0.0,0,3.240143369175627,0.274959,81.74301075268818,3.3336956098659063,0.8116482452750865,75.0,89.0,no,drive12,3255
83,0.7159716758457907,0,60.0,0.0,0,0,60.0,0.0,0,3.604838709677419,0.271175,79.59784946236559,3.3795074558291907,0.8517695125301096,72.0,87.0,no,drive12,3720
86,0.6998102466793168,2,24.322580645161292,0.010000000000001563,1,2,23.741935483870968,0.042000000000001925,1,3.548387096774193,0.270082,79.11075268817204,4.591669932257092,0.9469229528209343,69.0,93.0,no,drive12,4185
86,0.6937381404174572,1,60.0,0.0,0,1,60.0,0.0,0,3.316888045540797,0.272269,79.40107526881721,4.216123547588253,0.8655591720393236,69.0,93.0,no,drive12,4650
88,0.67853170189099,1,60.0,0.0,0,2,6.32258064516129,0.010000000000000508,1,3.6731182795698922,0.272713,78.3752688172043,4.047039430688038,0.9956849852647137,69.0,89.0,no,drive12,5115
87,0.6931732933233308,1,60.0,0.0,0,2,6.32258064516129,0.010000000000000508,1,3.668817204301076,0.271953,77.52580645161291,3.8333399689275836,1.0085746478257391,69.0,89.0,no,drive12,5580
86,0.6998102466793169,1,60.0,0.0,0,0,60.0,0.0,0,3.100358422939068,0.272035,79.36666666666666,2.857919889218374,0.7666346852192837,73.0,88.0,no,drive12,6045
88,0.671857619577308,3,8.67741935483871,0.35750000000000437,1,2,11.096774193548388,0.7860000000000023,1,3.1195445920303606,0.272464,79.78817204301075,4.570036809864826,0.8888739383983716,67.0,91.0,no,drive12,6510
94,0.6375303503295178,2,11.806451612903226,0.1880000000000086,1,2,11.096774193548388,0.7860000000000023,1,3.592741935483871,0.272768,78.86881720430108,5.534641220504181,1.0085746478257391,67.0,91.0,no,drive12,6975
91,0.6544802867383512,0,60.0,0.0,0,0,60.0,0.0,0,3.2473118279569895,0.27248,79.56451612903226,4.225705900469972,0.8858412651484621,70.0,90.0,no,drive12,7440
87,0.6894223555888971,2,5.67741935483871,0.20600000000000573,1,2,4.580645161290323,1.0340000000000047,1,3.2759856630824373,0.271199,80.78172043010753,2.99581953303747,1.0239331921155983,72.0,93.0,no,drive12,7905
87,0.6924231057764441,3,20.64516129032258,3.4694999999999996,1,5,9.806451612903228,1.7580000000000018,1,3.320683111954459,0.272788,81.05913978494624,3.3552634484369714,1.0656592839012424,74.0,93.0,no,drive12,8370
86,0.7020872865275142,8,4.138248847926268,1.1252857142857204,1,9,6.435483870967742,1.0525000000000038,1,2.6482334869431643,0.271702,81.35268817204302,4.034837311288991,0.7777863207964537,74.0,90.0,no,drive12,8835
86,0.6967741935483871,9,6.354838709677419,1.7171250000000062,1,9,6.354838709677419,0.6670000000000037,1,1.866666666666667,0.271297,81.2516129032258,5.139675168666148,0.7976013556265491,73.0,93.0,no,drive12,9300
87,0.6781695423855963,4,16.21505376344086,2.4656666666666673,1,6,9.98709677419355,0.7248000000000019,1,2.0529953917050694,0.273589,79.95376344086021,4.475141834474459,0.9859071544091652,73.0,93.0,no,drive12,9765
90,0.6661833997825299,4,9.849462365591398,0.7976666666666565,1,6,7.3677419354838705,0.45620000000000027,1,2.653958944281525,0.273183,80.01182795698925,3.7678421268654354,0.9377847612017928,70.0,90.0,no,drive12,10230
87,0.6856714178544636,2,7.032258064516129,1.5379999999999758,1,5,8.17741935483871,1.0304999999999986,1,2.6267281105990787,0.271245,79.16236559139784,4.30159795211172,0.8195669522593851,70.0,90.0,no,drive12,10695
83,0.7199055861526357,0,60.0,0.0,0,4,11.311827956989248,0.2933333333333293,1,2.8967741935483873,0.272578,77.83870967741936,3.239840440053047,0.8705194371292385,70.0,85.0,no,drive12,11160
86,0.6914611005692598,0,60.0,0.0,0,2,51.225806451612904,1.8020000000000043,1,3.157706093189964,0.273267,77.44408602150537,2.878095336640857,0.8973108971092707,72.0,84.0,no,drive12,11625
87,0.6886721680420104,0,60.0,0.0,0,2,13.483870967741936,0.2159999999999963,1,3.17921146953405,0.271275,76.85913978494624,2.8425619430040583,0.8486042488414586,70.0,84.0,no,drive12,12090
91,0.6637992831541217,0,60.0,0.0,0,2,20.967741935483872,0.42000000000000237,1,3.197132616487455,0.270788,78.28494623655914,3.080547578630505,0.8156172090183803,70.0,84.0,no,drive12,12555
91,0.6551971326164875,2,11.35483870967742,7.589999999999992,1,4,15.268817204301074,2.5769999999999995,1,2.495601173020528,0.270246,81.70752688172043,4.292084150713293,1.0323090632910537,72.0,95.0,no,drive12,13020
92,0.6515420063807161,19,2.9390681003584227,1.282166666666664,1,18,3.1233396584440225,0.5650000000000004,1,0.8015908086610695,0.293926,89.61720430107528,7.567596792663149,0.9604672347010792,76.0,103.0,stressed,drive12,13950
90,0.6654584994563247,17,3.2338709677419355,0.5851249999999977,1,20,2.855687606112054,0.41489473684210504,1,0.6834208552138034,0.288924,86.66021505376344,3.9344942642024785,0.9062633392359293,78.0,95.0,stressed,drive12,14415
91,0.6587813620071685,19,2.688172043010753,0.895277777777775,1,18,3.3017077798861476,0.42105882352941054,1,0.7287933094384708,0.28959,86.20215053763441,6.049437519300374,1.1033757770994315,70.0,103.0,stressed,drive12,14880
90,0.6589343965204784,21,2.829032258064516,0.8038499999999995,1,19,3.197132616487455,0.3701666666666664,1,0.7314516129032258,0.278663,85.63225806451612,5.819898408201797,1.0380282708412436,70.0,103.0,stressed,drive12,15345
89,0.6671554252199413,16,3.582795698924731,0.8280000000000027,1,16,3.5827956989247314,0.42213333333333314,1,0.8840725806451614,0.270194,85.22795698924732,5.117928966034589,1.019191515630321,69.0,97.0,stressed,drive12,15810
93,0.6458625525946703,12,4.809384164222874,0.8922727272727272,1,12,4.8211143695014655,0.37918181818181956,1,0.9421402969790067,0.267689,82.12150537634409,6.477194890368867,1.0534683094472694,67.0,97.0,stressed,drive12,16275
88,0.6770485724879495,13,4.274193548387097,0.7854999999999998,1,14,4.332506203473946,0.3700769230769229,1,0.908266129032258,0.269055,79.38602150537635,4.7596442308053435,0.8454271345466573,67.0,88.0,stressed,drive12,16740
83,0.7136113296616837,16,3.8967741935483877,1.0984666666666656,1,16,3.8107526881720437,0.39406666666666573,1,1.0016402405686167,0.268412,81.66021505376344,4.63885274528752,0.8498717689636348,72.0,90.0,stressed,drive12,17205
87,0.6849212303075768,15,4.064516129032258,1.4321428571428563,1,16,3.784946236559139,0.41033333333333394,1,0.9032258064516128,0.269474,83.58279569892473,3.0039623888341023,0.7645256449504279,77.0,90.0,stressed,drive12,17670
87,0.6894223555888972,15,3.714285714285714,1.2022857142857162,1,16,3.475268817204301,0.4810000000000018,1,0.8258064516129032,0.271685,84.1236559139785,3.2416608596391816,0.7624107705118449,77.0,94.0,stressed,drive12,18135
84,0.7166731441896618,15,3.6497695852534564,0.8480714285714311,1,15,3.8847926267281103,0.3019285714285726,1,0.874762808349146,0.274251,84.09354838709677,3.7829358358266227,0.8254561318561666,73.0,94.0,stressed,drive12,18600
88,0.6837226548016314,14,3.7320099255583132,1.0460769230769236,1,14,4.148883374689827,0.2960769230769221,1,0.9688172043010752,0.276031,85.11612903225806,4.213069535158643,0.804320946603604,73.0,94.0,stressed,drive12,19065
86,0.6891840607210625,15,3.981566820276498,1.1200714285714304,1,13,4.67741935483871,0.5029166666666661,1,1.0893300248138957,0.271613,87.91290322580645,4.175703554304407,0.7867306414907806,77.0,97.0,stressed,drive12,19530
92,0.6557958170861397,16,3.531182795698925,1.307333333333337,1,12,3.953079178885631,0.419727272727275,1,1.081242532855436,0.267512,88.44193548387096,5.231147874210705,0.8505048206484068,77.0,101.0,stressed,drive12,19995
94,0.6396115157821713,18,3.2789373814041745,1.3159999999999983,1,15,3.9677419354838706,0.4095000000000018,1,0.6879219804951238,0.274162,90.8741935483871,5.183128196178722,1.044231682263698,78.0,103.0,stressed,drive12,20460
96,0.6247877758913412,17,3.201612903225806,0.727999999999998,1,15,4.082949308755761,0.1981428571428574,1,0.635343618513324,0.299181,94.11720430107528,3.4222901109377566,0.9452162714345933,87.0,103.0,stressed,drive12,20925
95,0.6300617707618393,14,4.312655086848634,0.6705384615384594,1,13,3.940860215053764,0.23841666666666583,1,0.7411290322580644,0.295474,92.39569892473118,4.1343542091308505,0.793542289300642,83.0,101.0,stressed,drive12,21390
85,0.705837173579109,13,4.908602150537634,1.2868333333333317,1,13,4.290322580645161,0.2994999999999997,1,0.7939784946236558,0.278544,87.93118279569893,5.005974462721962,1.0218284967923117,73.0,99.0,stressed,drive12,21855
81,0.7362903225806452,12,4.897360703812317,1.4225454545454561,1,12,4.891495601173021,0.4478181818181813,1,0.9447785675232369,0.274016,86.14838709677419,5.393696298841322,1.0611040820681545,73.0,100.0,stressed,drive12,22320
83,0.7183320220298978,9,6.82258064516129,1.536125000000002,1,12,5.196480938416422,0.36127272727272763,1,1.052995391705069,0.346336,86.9268817204301,4.583634745552224,0.8924995439509408,78.0,100.0,stressed,drive12,22785
91,0.6580645161290323,15,4.009216589861751,1.3300714285714306,1,13,4.370967741935483,0.49350000000000027,1,0.7673118279569893,0.350432,91.1741935483871,5.821519278953493,0.6470933603488256,82.0,101.0,stressed,drive12,23250
87,0.690172543135784,16,3.7978494623655914,0.9253333333333359,1,13,4.725806451612903,0.4228333333333317,1,0.6777901371894699,0.281139,94.18817204301075,4.523305230355381,0.6022919983180004,85.0,101.0,stressed,drive12,23715
82,0.7232178414974113,10,5.369175627240144,0.5913333333333358,1,9,6.040322580645161,0.17987500000000112,1,0.6737536656891495,0.280454,93.2483870967742,3.954257618380684,0.7225418592914999,86.0,103.0,stressed,drive12,24180
78,0.763301214914118,18,3.286527514231499,0.7109411764705901,1,10,5.405017921146953,0.06777777777777855,1,0.7159716758457907,0.363278,92.6774193548387,3.66899620130858,1.0797081294402358,86.0,106.0,stressed,drive12,24645
81,0.7435483870967742,19,2.795698924731182,1.1683333333333294,1,15,3.7511520737327184,0.1385714285714272,1,0.9196108550947262,0.39271,91.56881720430107,5.077262798568291,1.2711081084888463,78.0,106.0,stressed,drive12,25110
84,0.7104547221142635,13,4.790322580645162,1.8331666666666642,1,16,3.948387096774193,0.1764,1,0.9448491155046825,0.408566,89.97849462365592,5.595271610968384,1.0133660032880625,78.0,100.0,stressed,drive12,25575
88,0.6822395253985909,12,4.93841642228739,1.0721818181818221,1,19,3.0394265232974913,0.15455555555555753,1,0.8019713261648745,0.55744,88.7989247311828,3.856205573415677,0.7173086884841223,80.0,99.0,stressed,drive12,26040
88,0.6829810901001112,13,4.440860215053763,0.8989999999999988,1,23,2.686217008797654,0.15731818181818238,1,0.7435483870967741,0.583395,88.90107526881721,2.3707217096154776,0.6102814822859186,84.0,95.0,stressed,drive12,26505
86,0.7005692599620493,17,3.5,0.9619375000000017,1,27,2.2034739454094288,0.1254999999999982,1,0.6907020872865275,0.655162,90.34086021505377,3.1634585863848446,1.0364716167224548,80.0,101.0,stressed,drive12,26970
90,0.6647335991301196,18,3.27134724857685,1.0724117647058866,1,29,2.0668202764976957,0.12614285714285664,1,0.6856714178544635,0.699837,91.0720430107527,2.954161110893889,1.0307437719231922,80.0,101.0,stressed,drive12,27435
89,0.6671554252199413,15,3.9677419354838706,1.0195000000000023,1,17,3.108870967741935,0.13312500000000219,1,0.6844642195031516,0.597424,89.06559139784946,3.5856642468458757,0.6129215010223581,80.0,99.0,stressed,drive12,27900
86,0.6990512333965845,11,5.290322580645161,1.2495999999999952,1,20,2.8353140916808153,0.12731578947368696,1,0.6508330379298121,0.616223,87.91827956989248,3.4080532782876394,0.6889876506710261,80.0,99.0,stressed,drive12,28365
86,0.6975332068311194,12,4.668621700879765,1.5647272727272699,1,29,2.1198156682027647,0.16471428571428684,1,0.5870328968380708,0.648598,87.8731182795699,2.878737020895154,0.6429212126563648,80.0,94.0,stressed,drive12,28830
91,0.6602150537634409,15,3.8940092165898617,0.9861428571428599,1,28,2.1362007168458783,0.14922222222222215,1,0.6314344543582705,0.610973,86.64623655913978,3.005838731814164,0.9537191377741813,80.0,96.0,stressed,drive12,29295
91,0.6573476702508961,13,4.602150537634409,0.6435000000000027,1,24,2.5189340813464236,0.1383913043478277,1,0.6642228739002932,0.564711,87.59784946236559,3.461554703682398,0.9760313746743811,80.0,96.0,stressed,drive12,29760
86,0.6967741935483873,6,8.851612903225806,2.0100000000000025,1,18,3.2903225806451615,0.1818823529411776,1,0.6651835372636263,0.519693,88.10430107526882,3.4094875211189013,0.7269974525520863,80.0,95.0,stressed,drive12,30225
82,0.7311827956989247,11,4.735483870967743,1.9771999999999927,1,19,2.7383512544802864,0.2015555555555566,1,0.640953716690042,0.532293,88.54731182795699,3.9062148275674,0.9891771705331572,77.0,96.0,stressed,drive12,30690
81,0.739516129032258,12,4.914956011730205,2.061545454545451,1,18,3.3851992409867178,0.2116470588235309,1,0.6139219015280136,0.494774,87.6741935483871,4.133560604898274,0.9406499825473383,77.0,96.0,stressed,drive12,31155
82,0.7224213460772602,7,6.268817204301075,2.0856666666666692,1,11,4.825806451612904,0.1762000000000029,1,0.6494151010280043,0.371999,86.16451612903226,2.8321937680996396,0.6779631369550764,78.0,95.0,stressed,drive12,31620
80,0.7447937933850551,9,6.088709677419355,1.001000000000004,1,10,4.96057347670251,0.16333333333333538,1,0.6611090974990937,0.325366,86.90860215053763,2.8476043851260173,0.6707802760120187,81.0,95.0,stressed,drive12,32085
79,0.7626137303556658,10,5.942652329749104,1.5906666666666642,1,13,4.521505376344086,0.20058333333333656,1,0.6458781362007168,0.351296,87.83763440860216,3.430803347363182,0.6172964423512457,81.0,96.0,stressed,drive12,32550
80,0.7537770518579013,14,4.03970223325062,1.6123076923076942,1,14,4.26302729528536,0.18692307692307922,1,0.7439771335238872,0.363133,91.92258064516129,9.614976322610294,2.4587008567781554,52.0,106.0,stressed,drive12,33015
77,0.7707979626485569,15,4.115207373271889,1.0280000000000036,1,10,5.254480286738351,0.15388888888889163,1,0.8993157380254154,0.319416,95.07956989247312,8.880455271916686,2.4437702259245198,52.0,106.0,stressed,drive12,33480
77,0.7767402376910018,10,5.978494623655914,1.274000000000006,1,13,4.548387096774193,0.20433333333333556,1,0.8963831867057673,0.333871,92.7752688172043,5.980257050504009,0.6569984263186217,81.0,104.0,stressed,drive12,33945
88,0.6852057842046719,8,5.797235023041474,2.7691428571428576,1,11,4.529032258064516,0.19190000000000196,1,0.8241708314402544,0.353396,89.3236559139785,8.034975933205788,1.1072712023746398,78.0,104.0,stressed,drive12,34410
89,0.6774193548387096,9,5.056451612903226,1.0451249999999965,1,8,5.170506912442397,0.14742857142856985,1,0.7691663175534144,0.305742,88.47956989247312,6.093193084544848,1.0333512736153443,78.0,104.0,stressed,drive12,34875
82,0.7287933094384708,14,4.193548387096774,0.6202307692307657,1,10,6.164874551971327,0.11500000000000209,1,0.7435483870967742,0.2809,87.68924731182796,3.079448434260098,0.6479245660355346,76.0,94.0,stressed,drive12,35340
85,0.7027649769585255,12,4.340175953079179,1.0849090909090906,1,11,5.496774193548387,0.1594000000000037,1,0.6967741935483871,0.316978,88.47311827956989,5.040676259992598,0.6437578053494432,76.0,97.0,stressed,drive12,35805
82,0.7279968140183193,12,5.325513196480939,1.7893636363636416,1,11,5.4387096774193555,0.19540000000000174,1,0.7073732718894009,0.340418,92.67849462365591,5.016410691766147,0.6137989839355401,79.0,100.0,stressed,drive12,36270
79,0.7659222497932175,12,4.797653958944282,1.9393636363636437,1,9,6.379032258064516,0.12062500000000043,1,0.6698079014135556,0.306923,91.97096774193548,4.717642035519811,0.909227898475988,82.0,100.0,stressed,drive12,36735
80,0.7554103715802368,9,6.056451612903226,1.988250000000009,1,7,6.64516129032258,0.17733333333332876,1,0.6234295415959252,0.279408,89.12258064516129,3.5747059141317648,1.1270239538115487,80.0,99.0,stressed,drive12,37200
80,0.7513270722743979,9,5.693548387096774,0.9370000000000087,1,9,6.435483870967742,0.15662499999999852,1,0.6640086988039144,0.276586,89.12795698924731,2.8058642733978987,0.9343348975359416,80.0,97.0,stressed,drive12,37665
82,0.7367582636399842,13,4.661290322580645,0.7759166666666649,1,11,5.806451612903226,0.19479999999999895,1,0.7225806451612902,0.323203,89.1010752688172,3.475025941688763,0.7150541768148824,83.0,100.0,stressed,drive12,38130
85,0.7096774193548389,14,4.213399503722084,0.97384615384615,1,12,4.73900293255132,0.16336363636363396,1,0.8038360941586749,0.340325,89.56236559139785,4.46213252403398,0.768737939336724,83.0,100.0,stressed,drive12,38595
84,0.7158958414302372,8,8.165898617511521,1.06971428571428,1,6,9.548387096774194,0.18279999999999877,1,0.7088906372934698,0.297462,89.36666666666666,4.44028075575905,0.8561812228315839,80.0,100.0,stressed,drive12,39060
81,0.7379032258064516,6,8.374193548387098,0.42999999999999866,1,2,31.548387096774192,0.2890000000000069,1,0.69431643625192,0.278245,85.90967741935484,4.794532381385778,0.9032890504811031,76.0,96.0,stressed,drive12,39525
87,0.6849212303075771,8,6.258064516129032,1.242571428571429,1,7,5.795698924731183,0.15466666666666715,1,0.7143412359113875,0.277626,85.74623655913979,4.875891076870169,0.8511374014875505,76.0,96.0,stressed,drive12,39990
88,0.6814979606970709,6,9.574193548387097,1.3889999999999998,1,8,7.391705069124425,0.19371428571428684,1,0.6486676016830294,0.278281,86.84946236559139,4.835011729109523,1.1571837682115453,78.0,103.0,stressed,drive12,40455
80,0.7431604736627195,6,6.206451612903226,0.3872,1,3,17.258064516129032,0.14849999999999286,1,0.6589343965204784,0.276843,85.09139784946237,3.631290416508659,1.144557016606271,78.0,103.0,stressed,drive12,40920
78,0.7716799329702556,11,4.490322580645161,0.6484000000000005,1,3,15.387096774193548,0.20100000000000118,1,0.7230527143981117,0.276729,86.50645161290322,3.6210943053293705,1.2879335674087105,79.0,107.0,stressed,drive12,41385
80,0.7545937117190692,11,4.845161290322581,0.6300000000000006,1,4,14.107526881720432,0.19633333333333555,1,0.7166731441896619,0.278734,85.59247311827957,4.362911540415692,1.2549149873213166,77.0,107.0,stressed,drive12,41850
79,0.7584780810587263,8,6.460829493087558,1.621714285714288,1,4,16.903225806451612,0.1340000000000013,1,0.7214791502753738,0.279794,84.3731182795699,3.5824434439388844,0.685070690843781,77.0,93.0,stressed,drive12,42315
80,0.7472437729685586,12,4.310850439882699,1.2850909090909086,1,6,8.593548387096774,0.09639999999999671,1,0.7551695616211743,0.279039,85.9258064516129,3.4068054353553823,0.675577335525375,79.0,94.0,stressed,drive12,42780
84,0.7089001165954141,8,3.447004608294931,0.6297142857142861,1,4,6.623655913978495,0.07233333333333292,1,0.7700041893590279,0.279327,86.38709677419355,2.7475590655328492,0.6420835299388467,79.0,94.0,stressed,drive12,43245
83,0.7191188040912667,4,5.763440860215053,1.2293333333333352,1,1,60.0,0.0,0,0.7343687773795301,0.27552,84.91182795698924,2.573807249066534,0.6207741963054749,80.0,91.0,stressed,drive12,43710
81,0.7451612903225806,9,5.491935483870968,1.6187499999999986,1,5,6.983870967741935,0.07225000000000065,1,0.7206923682140047,0.279481,85.38064516129032,3.5869014412663063,0.7659323170597186,80.0,96.0,stressed,drive12,44175
81,0.7443548387096774,9,5.532258064516129,2.076125,1,10,5.089605734767026,0.049444444444445144,1,0.7073455110765643,0.29068,87.0731182795699,3.0891812530129945,0.7736232954282587,80.0,96.0,stressed,drive12,44640
85,0.705837173579109,12,5.208211143695014,2.0494545454545485,1,9,5.5,0.09587500000000065,1,0.661833997825299,0.308919,89.14086021505376,4.762594769392985,0.6319447319513942,82.0,103.0,stressed,drive12,45105
88,0.6837226548016314,14,4.30272952853598,1.7893076923076932,1,6,9.870967741935484,0.3440000000000006,1,0.690172543135784,0.310319,91.38494623655914,4.476004031933359,0.6093989344889742,82.0,103.0,stressed,drive12,45570
88,0.682239525398591,13,4.220430107526881,1.225833333333332,1,5,10.596774193548388,0.07450000000000317,1,0.7104454685099847,0.298447,91.1236559139785,3.0981748997695076,0.6675630858784483,85.0,103.0,stressed,drive12,46035
86,0.6937381404174574,12,4.956011730205279,1.7865454545454582,1,7,7.419354838709676,0.19950000000000442,1,0.7295898048586219,0.320902,90.1268817204301,4.148976808310986,0.7225418592914999,80.0,100.0,stressed,drive12,46500
83,0.7183320220298978,15,3.0046082949308754,1.4072857142857125,1,12,3.4662756598240474,0.23863636363636623,1,0.7277734067663257,0.375366,92.15698924731183,5.555688702300879,1.0861690412738452,80.0,107.0,stressed,drive12,46965
84,0.7143412359113874,18,3.172675521821632,1.2375294117647024,1,21,2.8193548387096774,0.20050000000000007,1,0.6079148653142668,0.450079,90.64193548387097,6.135895139026415,1.1004451589702091,78.0,107.0,stressed,drive12,47430
85,0.7050691244239632,13,4.548387096774194,1.5451666666666626,1,17,3.459677419354838,0.23606249999999854,1,0.6190803019903912,0.417643,88.07849462365591,4.032031678232721,0.7067261045607411,78.0,97.0,stressed,drive12,47895
84,0.7127866303925379,11,5.348387096774195,1.1120999999999968,1,10,6.494623655913979,0.25355555555555426,1,0.6430343849698689,0.333079,89.02903225806452,3.5551289813772207,1.0165476940157931,80.0,101.0,stressed,drive12,48360
82,0.7335722819593787,12,4.961876832844575,1.6697272727272732,1,13,4.096774193548387,0.12574999999999956,1,0.6509604929322218,0.342205,87.82150537634409,3.8624703628292782,1.0616111808221038,80.0,101.0,stressed,drive12,48825
76,0.7913978494623656,9,7.080645161290323,2.3188749999999994,1,11,4.5354838709677425,0.08219999999999998,1,0.8209443665264141,0.322756,85.86021505376344,4.711439744906106,1.2302257225038058,67.0,96.0,stressed,drive12,49290
79,0.7568238213399504,7,8.0752688172043,1.390833333333332,1,17,3.2459677419354835,0.08500000000000234,1,0.7931182795698924,0.431835,84.69247311827957,5.077469451825743,1.2566293528574222,67.0,99.0,stressed,drive12,49755
77,0.7767402376910019,9,5.814516129032258,0.799625000000002,1,25,2.3118279569892475,0.11499999999999999,1,0.6451612903225807,0.534552,85.69247311827957,4.744668463646594,0.8686626569764604,76.0,99.0,stressed,drive12,50220
75,0.8012205754141238,12,4.914956011730205,1.066545454545457,1,26,2.2580645161290325,0.15959999999999738,1,0.6718576195773079,0.520759,89.31612903225806,4.863188261765339,0.7826151957837836,79.0,99.0,stressed,drive12,50685
77,0.7784380305602717,10,5.591397849462366,1.060000000000002,1,19,3.0143369175627237,0.15461111111110887,1,1.1537001897533208,0.449942,88.87204301075269,6.187028845385638,0.7560306518979619,77.0,99.0,stressed,drive12,51150
73,0.8181003584229392,12,5.073313782991203,1.4234545454545424,1,16,3.6129032258064515,0.12900000000000073,1,1.379416282642089,0.388323,87.30430107526881,5.959981489083158,0.7701369176356074,77.0,99.0,stressed,drive12,51615
79,0.7626137303556657,14,3.8511166253101736,1.038538461538459,1,19,3.014336917562724,0.1936111111111126,1,0.9223790322580645,0.418328,86.6774193548387,6.359247420007552,0.779169053124985,76.0,99.0,stressed,drive12,52080
85,0.7004608294930875,11,5.696774193548387,0.7146999999999989,1,22,2.546850998463902,0.19104761904761997,1,0.8100358422939067,0.438405,85.52688172043011,6.528006492870253,0.8415987655878344,76.0,101.0,stressed,drive12,52545
81,0.7338709677419356,9,6.241935483870968,0.8799999999999979,1,26,2.265806451612903,0.12951999999999989,1,0.8425613866153105,0.435479,88.9494623655914,7.120062879629222,0.9145398885506685,78.0,104.0,stressed,drive12,53010
73,0.8306451612903226,11,5.245161290322581,1.2135999999999971,1,20,2.8217317487266556,0.13010526315789403,1,1.0016402405686167,0.396559,89.66881720430108,6.495821295257365,0.8517695125301096,79.0,104.0,stressed,drive12,53475
77,0.7818336162988117,11,5.238709677419355,2.0016999999999987,1,12,3.7126099706744866,0.137727272727271,1,0.7686635944700462,0.357876,87.24301075268818,5.819422390312773,0.7531776958660246,72.0,96.0,stressed,drive12,53940
81,0.7459677419354839,5,13.20967741935484,5.427999999999997,1,13,4.021505376344087,0.16583333333333242,1,0.9614984391259105,0.356434,83.18602150537635,5.73133419881115,0.9983840549636184,72.0,95.0,stressed,drive12,54405
74,0.8121961997348652,3,14.935483870967742,5.893500000000014,1,26,2.209032258064516,0.3011599999999985,1,0.8442396313364054,0.486907,82.7516129032258,4.447981610719166,1.2267207987931092,74.0,94.0,stressed,drive12,54870
78,0.7674905739421868,7,5.010752688172043,0.9938333333333332,1,26,2.118709677419355,0.19987999999999892,1,0.739516129032258,0.50288,87.54301075268818,6.732586424816714,1.0797081294402358,74.0,103.0,stressed,drive12,55335
80,0.7472437729685588,10,4.838709677419355,0.41999999999999127,1,19,3.125448028673835,0.19811111111111057,1,0.6939234808702175,0.3849,88.72903225806452,6.404611588621901,0.803651515820456,74.0,103.0,stressed,drive12,55800
81,0.7443548387096774,11,5.374193548387096,1.4003999999999936,1,18,3.0094876660341563,0.2018823529411746,1,0.5688585607940446,0.391987,88.33978494623656,3.33934317747932,0.6495837865910276,80.0,96.0,stressed,drive12,56265
82,0.7295898048586221,12,4.838709677419355,2.022272727272728,1,17,3.528225806451613,0.1743750000000006,1,0.5689708141321044,0.405245,90.94623655913979,3.678667335244465,0.5381065556480721,85.0,100.0,stressed,drive12,56730
76,0.7913978494623657,0,60.0,0.0,0,0,60.0,0.0,0,3.2827324478178364,0.271986,80.39247311827957,2.8627656587676378,0.7165579727488982,75.0,89.0,no,drive12,58125
78,0.7674905739421869,1,60.0,0.0,0,0,60.0,0.0,0,3.328273244781784,0.272684,80.53333333333333,2.6178598060548826,0.743830020977671,75.0,87.0,no,drive12,58590
78,0.7708420611646418,1,60.0,0.0,0,0,60.0,0.0,0,3.232974910394265,0.27255,80.91935483870968,2.989039406400361,0.7524627667102559,74.0,88.0,no,drive12,59055
81,0.7427419354838709,0,60.0,0.0,0,0,60.0,0.0,0,3.042444821731749,0.27327,79.96774193548387,3.565822268359955,1.019191515630321,72.0,90.0,no,drive12,59520
85,0.7043010752688172,0,60.0,0.0,0,0,60.0,0.0,0,3.093189964157706,0.273115,77.00860215053764,4.655431696693232,1.0328302999126493,69.0,90.0,no,drive12,59985
83,0.7191188040912667,1,60.0,0.0,0,0,60.0,0.0,0,3.2675521821631883,0.272281,74.10860215053764,3.362671618164384,0.7510308667129809,67.0,82.0,no,drive12,60450
87,0.6894223555888971,1,60.0,0.0,0,0,60.0,0.0,0,3.1863799283154117,0.272776,75.14408602150537,3.5141331351451432,0.7955744111664894,67.0,85.0,no,drive12,60915
90,0.6661833997825299,0,60.0,0.0,0,0,60.0,0.0,0,3.2150537634408605,0.269688,76.64838709677419,3.3421425393573347,0.8371102068338199,71.0,85.0,no,drive12,61380
83,0.7183320220298978,1,60.0,0.0,0,0,60.0,0.0,0,3.263757115749525,0.268074,77.33225806451613,3.0100784575322086,0.7955744111664894,70.0,84.0,no,drive12,61845
80,0.7570436913025725,0,60.0,0.0,0,0,60.0,0.0,0,3.259962049335863,0.269455,77.12795698924731,3.0348819959485858,0.787414457909744,70.0,84.0,no,drive12,62310
82,0.7343687773795301,1,60.0,0.0,0,0,60.0,0.0,0,3.381404174573055,0.269485,77.74086021505376,2.934875079649616,0.7538919470420511,70.0,84.0,no,drive12,62775
84,0.7182277497085116,1,60.0,0.0,0,0,60.0,0.0,0,3.2616487455197127,0.271844,79.78494623655914,2.819095646821281,0.7210505432345335,73.0,86.0,no,drive12,63240
84,0.708900116595414,0,60.0,0.0,0,0,60.0,0.0,0,3.132616487455197,0.272762,79.91397849462365,3.097539481305637,0.7402033293519007,71.0,86.0,no,drive12,63705
81,0.7443548387096774,1,60.0,0.0,0,0,60.0,0.0,0,2.796774193548387,0.271751,79.84516129032258,4.927834398161718,0.9127726600615657,68.0,94.0,no,drive12,64170
77,0.7775891341256367,1,60.0,0.0,0,0,60.0,0.0,0,2.8193548387096774,0.26921,78.64516129032258,5.539584164530846,0.9946033065257683,68.0,94.0,no,drive12,64635
83,0.7206923682140047,0,60.0,0.0,0,0,60.0,0.0,0,3.207885304659498,0.269206,75.95483870967742,3.575619838860103,0.8542932795796675,68.0,85.0,no,drive12,65100
85,0.7058371735791091,2,4.774193548387097,0.09700000000001374,1,0,60.0,0.0,0,3.1137521222410864,0.271915,78.26021505376345,5.567863623518088,0.8241510620567951,68.0,94.0,no,drive12,65565
83,0.7159716758457907,5,9.629032258064516,2.005999999999995,1,0,60.0,0.0,0,2.661290322580645,0.271724,79.72258064516129,6.338178040032663,0.9983840549636184,70.0,95.0,no,drive12,66030
83,0.7183320220298978,3,9.64516129032258,1.9994999999999903,1,0,60.0,0.0,0,2.957555178268251,0.269524,76.1236559139785,5.344757211047632,1.0069724631003627,68.0,95.0,no,drive12,66495
82,0.7359617682198327,0,60.0,0.0,0,0,60.0,0.0,0,3.326612903225806,0.269298,75.04193548387097,2.6899583312376154,0.78467561671438,68.0,80.0,no,drive12,66960
83,0.7206923682140048,1,60.0,0.0,0,0,60.0,0.0,0,3.3548387096774195,0.272612,75.5,3.5551719103058796,0.8705194371292385,66.0,83.0,no,drive12,67425
83,0.7214791502753737,2,45.935483870967744,0.37300000000000466,1,1,60.0,0.0,0,3.449715370018975,0.271253,73.72043010752688,4.749568381969831,1.0069724631003627,63.0,83.0,no,drive12,67890
81,0.735483870967742,4,12.021505376344086,0.5140000000000019,1,9,6.185483870967742,0.017624999999998614,1,3.404174573055028,0.28146,75.38064516129032,5.243044713078156,0.9186502008947014,63.0,87.0,no,drive12,68355
88,0.6852057842046719,5,11.370967741935484,3.297749999999994,1,7,4.344086021505377,0.01383333333333181,1,2.6666666666666665,0.282642,79.0494623655914,4.658640340107414,0.8754515980556624,70.0,91.0,no,drive12,68820
87,0.6894223555888974,4,14.645161290322582,1.8053333333333264,1,0,60.0,0.0,0,2.571847507331378,0.271244,79.24193548387096,5.267935519821684,0.8821882959159131,68.0,91.0,no,drive12,69285
79,0.7543424317617866,3,7.677419354838709,0.15150000000000247,1,1,60.0,0.0,0,3.052631578947368,0.270687,77.48924731182795,4.373477304678256,0.8267591415572898,68.0,88.0,no,drive12,69750
79,0.7551695616211745,0,60.0,0.0,0,7,6.516129032258065,0.010166666666661994,1,3.2544802867383513,0.279403,75.76774193548387,2.54757575215588,0.789462353326426,70.0,82.0,no,drive12,70215
78,0.773355676581483,1,60.0,0.0,0,15,3.7972350230414738,0.1212142857142822,1,3.259962049335863,0.371033,75.9268817204301,2.389274411158416,0.7659323170597186,70.0,81.0,no,drive12,70680
69,0.8700189753320684,2,5.225806451612903,0.4030000000000039,1,4,10.580645161290322,0.8479999999999933,1,2.658064516129032,0.208476,71.51720430107527,9.832917326602999,1.9046145311791838,60.0,93.0,no,drive15,0
64,0.9339477726574502,0,60.0,0.0,0,2,49.806451612903224,1.3619999999999979,1,4.078341013824884,0.162914,76.83118279569892,38.305485383022514,7.062537805799153,49.0,225.0,no,drive15,465
64,0.9421402969790068,2,8.193548387096774,0.24299999999999922,1,4,8.860215053763442,0.20966666666666475,1,3.392789373814042,0.165696,77.56451612903226,38.69573382381731,7.07890329820054,49.0,225.0,no,drive15,930
64,0.9462365591397851,3,21.806451612903228,0.396,1,4,16.236559139784948,0.3556666666666633,1,3.350806451612903,0.166788,67.10967741935484,10.555883693045459,2.304112483798881,51.0,96.0,no,drive15,1395
66,0.9091811414392061,3,15.935483870967744,0.11699999999999766,1,6,6.296774193548386,0.2260000000000013,1,3.595698924731183,0.16415,69.39354838709677,11.119195902423696,2.544543963616502,52.0,99.0,no,drive15,1860
66,0.9012406947890819,4,10.666666666666666,0.07433333333333432,1,8,6.5437788018433185,0.2467142857142878,1,3.8279569892473124,0.163861,93.50645161290322,57.674899604578385,7.973381442362059,52.0,232.0,no,drive15,2325
64,0.9400921658986175,2,6.516129032258065,0.11900000000000333,1,4,8.645161290322582,0.2340000000000049,1,3.6301075268817202,0.165593,89.04408602150538,59.042350323234295,7.910288159913901,52.0,232.0,no,drive15,2790
64,0.9370199692780339,2,6.709677419354839,0.25099999999999767,1,6,11.032258064516132,0.31619999999999876,1,3.332068311195446,0.168664,65.86666666666666,8.30671879028849,2.565608428668971,54.0,89.0,no,drive15,3255
65,0.9143145161290323,4,6.344086021505377,0.38399999999999473,1,7,6.247311827956989,0.2490000000000007,1,3.2106261859582546,0.166948,65.02688172043011,6.471137570715695,2.262151732944387,57.0,89.0,no,drive15,3720
67,0.9022482893450635,3,20.516129032258064,0.8224999999999957,1,4,13.720430107526882,0.6126666666666687,1,3.866359447004608,0.164922,63.78602150537635,5.196195700989175,1.5017033744244581,49.0,84.0,no,drive15,4185
68,0.8878189696677902,2,41.225806451612904,0.45299999999998875,1,4,16.688172043010752,0.4323333333333324,1,3.686021505376344,0.167399,66.38064516129032,9.210515940208897,2.731035991854587,49.0,100.0,no,drive15,4650
66,0.9081885856079406,1,60.0,0.0,0,4,10.32258064516129,0.24333333333333287,1,3.838709677419355,0.165893,85.40537634408602,43.03921908790951,6.703870000358059,59.0,225.0,no,drive15,5115
62,0.9603384452670546,0,60.0,0.0,0,4,10.881720430107528,0.16466666666666288,1,4.435483870967741,0.164631,88.31720430107526,42.5658430473849,6.8655392875844,59.0,225.0,no,drive15,5580
63,0.9469302809573362,3,11.64516129032258,0.28100000000000636,1,9,6.983870967741936,0.1733749999999991,1,4.2431761786600495,0.165541,85.25806451612904,42.63299323743214,7.9167492866725375,59.0,232.0,no,drive15,6045
67,0.8963831867057674,3,11.838709677419356,0.1890000000000046,1,8,4.857142857142857,0.17028571428571385,1,3.970223325062035,0.164369,84.69677419354839,42.46793211838055,7.648212606995728,60.0,232.0,no,drive15,6510
68,0.8839672604718345,2,43.29032258064516,0.4349999999999994,1,6,10.451612903225808,0.18119999999999695,1,4.2729528535980155,0.162975,71.40215053763441,12.459033760966712,2.496499163468113,60.0,103.0,no,drive15,6975
65,0.9233870967741936,4,13.225806451612904,0.3843333333333336,1,8,5.658986175115207,0.2848571428571477,1,3.9354838709677415,0.161577,70.07096774193549,13.19519773059491,3.131492179829904,53.0,109.0,no,drive15,7440
64,0.9318996415770611,4,16.60215053763441,0.5316666666666662,1,5,12.483870967741936,0.49875000000000247,1,3.560483870967742,0.159547,66.80430107526881,12.114169380536223,2.9978463744532324,48.0,109.0,no,drive15,7905
67,0.9002932551319649,3,14.741935483870968,0.5960000000000008,1,4,9.741935483870968,0.36333333333332996,1,3.9447004608294933,0.159024,63.902150537634405,7.908624372241318,2.0711249757635177,48.0,94.0,no,drive15,8370
67,0.9012707722385142,3,25.935483870967744,0.22249999999999978,1,6,11.019354838709678,0.25239999999999707,1,4.623655913978495,0.158639,64.49677419354839,8.832399442776204,2.4902392880038176,48.0,96.0,no,drive15,8835
66,0.9200992555831266,1,60.0,0.0,0,4,10.53763440860215,0.3013333333333315,1,4.000000000000001,0.160545,65.3989247311828,10.215895211523522,2.758488221087284,50.0,96.0,no,drive15,9300
64,0.9400921658986174,0,60.0,0.0,0,1,60.0,0.0,0,4.302729528535981,0.161518,64.53118279569892,9.354407603464104,2.43229084431643,56.0,96.0,no,drive15,9765
63,0.9562955254942769,0,60.0,0.0,0,0,60.0,0.0,0,4.956011730205279,0.160493,64.74408602150538,8.436676999168524,2.265004984109506,56.0,94.0,no,drive15,10230
65,0.9294354838709677,2,13.419354838709678,0.03299999999999503,1,3,6.838709677419354,0.024499999999998967,1,4.435483870967743,0.161494,82.56666666666666,46.0882319627042,7.263753148027472,57.0,232.0,no,drive15,10695
67,0.8934506353861192,2,13.419354838709678,0.03299999999999503,1,4,9.333333333333334,0.08833333333333145,1,4.04147465437788,0.162908,83.93440860215054,45.60271401710119,7.462428316788561,60.0,232.0,no,drive15,11160
67,0.8934506353861194,0,60.0,0.0,0,3,23.451612903225808,0.12399999999999811,1,4.2304147465437785,0.163897,69.73440860215054,10.583482714620867,3.2736676514816487,60.0,99.0,no,drive15,11625
64,0.9400921658986175,1,60.0,0.0,0,3,15.806451612903224,0.13150000000000006,1,4.372208436724566,0.163082,73.66129032258064,14.609037799658191,3.2509003472599485,60.0,100.0,no,drive15,12090
63,0.9479708636836629,1,60.0,0.0,0,2,13.096774193548388,0.061999999999996946,1,4.527859237536656,0.160127,72.50645161290322,15.97189942617711,3.248250336346945,46.0,101.0,no,drive15,12555
65,0.9193548387096774,1,60.0,0.0,0,2,6.193548387096774,0.014000000000003121,1,5.619354838709677,0.157947,65.9752688172043,12.571876412876502,2.7816096044176635,46.0,101.0,no,drive15,13020
74,0.8157313300927973,11,4.496774193548387,0.5643999999999996,1,16,3.131182795698925,0.7458666666666663,1,0.7914584279872786,4.594024,84.23440860215054,31.280570405050202,6.155501971487809,25.0,225.0,stressed,drive15,13950
77,0.7775891341256368,12,5.085043988269795,0.8602727272727267,1,20,2.9100169779286933,0.552315789473683,1,0.7004608294930875,2.460318,73.24193548387096,8.560007318113708,2.5532014138398904,60.0,103.0,stressed,drive15,14415
71,0.8525345622119817,9,6.193548387096774,1.3143749999999992,1,16,3.7591397849462362,0.639066666666665,1,0.8414746543778802,1.915811,76.27096774193548,14.029144630499593,3.266920019758754,61.0,111.0,stressed,drive15,14880
70,0.8583450210378682,8,6.221198156682028,0.734571428571426,1,12,4.662756598240469,0.5335454545454517,1,1.262868908716541,0.984608,73.31505376344086,14.483906131464208,3.2629637118952637,59.0,111.0,stressed,drive15,15345
66,0.9101736972704715,8,7.907834101382489,0.5082857142857128,1,13,4.618279569892473,0.601916666666662,1,1.1483870967741934,0.842466,69.76236559139785,12.104317313660601,3.3591928396427955,59.0,111.0,stressed,drive15,15810
63,0.9500520291363165,4,13.806451612903226,0.9363333333333298,1,9,6.766129032258064,0.5762499999999988,1,1.335777126099707,0.73754,69.0505376344086,12.970132137643722,3.065485490376935,59.0,111.0,stressed,drive15,16275
63,0.9438085327783561,4,11.24731182795699,0.5346666666666634,1,11,5.754838709677419,0.35260000000000363,1,1.3978494623655913,0.32404,65.78924731182796,8.57620441857349,1.9954199441466915,59.0,106.0,stressed,drive15,16740
67,0.8944281524926686,4,13.096774193548386,0.37433333333333096,1,12,4.287390029325514,0.4530000000000021,1,0.9870967741935482,0.779695,72.18279569892474,15.896064459555612,3.3964776283483498,59.0,124.0,stressed,drive15,17205
70,0.8564749883122953,3,12.0,0.32649999999999796,1,9,6.564516129032258,0.6227499999999987,1,1.042626728110599,1.53624,72.73333333333333,15.928329623278568,3.4496220600775267,58.0,124.0,stressed,drive15,17670
68,0.8810784785748675,3,17.70967741935484,0.6004999999999983,1,9,7.07258064516129,0.41437499999999716,1,1.10407790626902,2.095033,64.04516129032258,5.708708987793893,1.7567339301055436,56.0,96.0,stressed,drive15,18135
64,0.9421402969790066,3,22.29032258064516,0.5209999999999978,1,10,5.017921146953405,0.6948888888888862,1,0.9888765294771968,2.08688,70.76666666666667,16.74316958041596,2.9897564621397428,56.0,121.0,stressed,drive15,18600
65,0.9243951612903226,4,15.462365591397848,0.6036666666666609,1,7,7.989247311827957,0.8638333333333307,1,1.3003584229390683,2.024124,73.34408602150538,16.8618642215165,3.3269943313668655,59.0,121.0,stressed,drive15,19065
70,0.857410004675082,4,10.32258064516129,0.14233333333332873,1,8,6.193548387096775,0.21528571428571722,1,1.5127334465195246,1.906021,71.07956989247312,14.166221820768675,3.1922605546649465,59.0,120.0,stressed,drive15,19530
68,0.8858931150698122,4,16.301075268817204,0.8383333333333315,1,11,5.141935483870967,0.37940000000000096,1,1.2230610844200411,2.027603,71.78279569892473,15.313572753072268,3.1785746682154383,56.0,120.0,stressed,drive15,19995
63,0.9531737773152965,3,11.451612903225808,0.43850000000000455,1,10,5.168458781362007,0.436,1,0.9508196721311475,2.586319,69.41935483870968,12.142808465640446,2.8677337155110094,56.0,106.0,stressed,drive15,20460
63,0.9573361082206039,5,7.46774193548387,0.5742500000000004,1,9,6.67741935483871,0.43812499999999766,1,0.8460829493087557,2.402671,66.61720430107528,8.48260235550989,2.2733065119576232,60.0,106.0,stressed,drive15,20925
63,0.9417273673257026,3,13.70967741935484,0.7810000000000024,1,7,8.731182795698926,0.7963333333333299,1,1.1935483870967742,2.08332,63.505376344086024,4.636980051515218,1.6076378515657272,58.0,87.0,stressed,drive15,21390
63,0.9448491155046825,3,23.70967741935484,0.6105000000000006,1,9,6.887096774193548,0.4388750000000014,1,1.3003584229390681,1.789683,68.26774193548387,12.826565689001205,2.347387068532927,58.0,109.0,stressed,drive15,21855
64,0.9257552483358937,4,14.301075268817206,0.35866666666666697,1,12,4.39882697947214,0.2105454545454549,1,1.4804753820033958,1.137226,69.4247311827957,12.512584253969424,2.419645109153796,55.0,109.0,stressed,drive15,22320
65,0.9233870967741936,4,17.634408602150536,1.2183333333333353,1,13,4.672043010752689,0.4484999999999997,1,1.8903225806451613,1.184306,66.36666666666666,7.981293092383169,2.247112727074643,55.0,100.0,stressed,drive15,22785
63,0.9625390218522373,4,15.440860215053762,1.9726666666666663,1,14,3.6079404466501237,0.47099999999999775,1,0.9955506117908787,1.578814,73.43978494623656,13.974443954044098,2.6557004512887445,58.0,103.0,stressed,drive15,23250
63,0.9583766909469305,4,11.46236559139785,0.5036666666666642,1,12,3.835777126099707,0.29290909090908873,1,0.8630201028517999,2.000513,80.59032258064516,16.59514480439196,3.736475432070599,63.0,112.0,stressed,drive15,23715
65,0.9153225806451614,4,16.559139784946236,1.3469999999999949,1,13,4.655913978494623,0.34325000000000144,1,1.032258064516129,4.100653,76.8247311827957,17.311455315564636,4.209528378708448,50.0,116.0,stressed,drive15,24180
66,0.9002481389578164,4,12.473118279569894,1.6863333333333295,1,14,4.009925558312656,0.5260000000000009,1,1.0403225806451613,4.448775,75.9258064516129,14.937931822890837,3.9620101236103573,50.0,116.0,stressed,drive15,24645
69,0.8757115749525617,3,22.903225806451616,3.2159999999999953,1,9,6.387096774193548,0.7749999999999992,1,1.0580645161290323,2.439205,71.51827956989247,13.925693328324046,3.0609172169182712,49.0,104.0,stressed,drive15,25110
69,0.8747628083491462,4,8.279569892473118,0.19533333333333536,1,8,5.059907834101383,0.2712857142857132,1,1.0709677419354837,0.960673,66.5494623655914,11.110405116893212,2.4971458411537335,49.0,101.0,stressed,drive15,25575
62,0.96351136964569,4,11.827956989247312,0.4186666666666668,1,7,7.655913978494623,0.31999999999999745,1,1.0049207217058502,1.222293,66.86344086021505,9.970152067371014,2.3713394542578037,58.0,101.0,stressed,drive15,26040
62,0.9751454257006875,4,12.408602150537634,0.13766666666667016,1,8,7.013824884792626,0.304571428571428,1,0.9950792782941497,1.490129,63.80967741935484,4.051989144232001,1.3415605520240375,59.0,87.0,stressed,drive15,26505
63,0.9531737773152966,2,4.774193548387097,0.14899999999999222,1,6,10.890322580645162,0.40019999999999933,1,0.9613960867265995,1.422199,63.81505376344086,6.364737301027278,2.242317346604807,58.0,93.0,stressed,drive15,26970
64,0.939068100358423,3,7.161290322580645,0.2635000000000024,1,6,7.548387096774192,0.4806000000000029,1,0.9193548387096775,1.535124,70.46129032258065,15.689840094979786,3.197987795766735,58.0,112.0,stressed,drive15,27435
64,0.9380440348182284,4,9.956989247311828,1.540666666666665,1,7,7.333333333333333,1.5908333333333318,1,0.8768328445747801,2.045685,70.64408602150537,15.00025779252019,2.680311342228911,52.0,112.0,stressed,drive15,27900
65,0.9274193548387097,1,60.0,0.0,0,5,8.838709677419356,2.2359999999999953,1,0.9334677419354838,2.325169,64.48709677419355,4.568516048248914,1.4229398455628472,52.0,87.0,stressed,drive15,28365
66,0.909181141439206,3,8.516129032258064,0.8714999999999984,1,6,11.225806451612904,0.4231999999999981,1,1.0253456221198156,2.352387,68.23010752688172,12.631448932682884,2.5603585593891425,59.0,126.0,stressed,drive15,28830
63,0.9521331945889699,4,14.731182795698922,1.2009999999999963,1,7,9.086021505376344,0.3851666666666646,1,0.9406867845993755,3.590407,72.03118279569892,14.489376742494501,2.9854328785874804,59.0,126.0,stressed,drive15,29295
63,0.9500520291363164,2,13.483870967741936,0.02700000000000019,1,7,9.430107526881722,0.40299999999999714,1,0.8690702087286527,3.676087,68.6763440860215,11.243233547907275,2.335433981885586,58.0,101.0,stressed,drive15,29760
64,0.9329237071172556,4,14.193548387096774,1.0043333333333297,1,6,9.341935483870968,0.6755999999999958,1,0.8127240143369175,2.192883,68.58494623655913,11.285245350966814,2.574613162912771,56.0,93.0,stressed,drive15,30225
63,0.951092611862643,3,21.741935483870968,0.5999999999999976,1,5,11.61290322580645,0.5885000000000005,1,0.855539971949509,1.883501,73.21935483870968,12.058158867865842,3.341360982970043,56.0,97.0,stressed,drive15,30690
63,0.9583766909469303,3,17.612903225806452,0.13550000000000015,1,7,7.494623655913979,0.24900000000000033,1,0.9928922908693275,3.093296,71.58387096774193,10.210260392060198,3.15307357695642,54.0,97.0,stressed,drive15,31155
64,0.929851510496672,4,18.086021505376344,0.43166666666666753,1,9,6.774193548387097,0.3068749999999994,1,1.072140762463343,3.90658,69.82043010752689,8.68659898726453,2.86059302680688,54.0,107.0,stressed,drive15,31620
66,0.909181141439206,5,14.064516129032256,1.5712500000000005,1,10,6.358422939068101,0.5649999999999997,1,1.112598904443092,3.478907,75.96021505376343,18.131643104643935,4.69993014628712,57.0,143.0,stressed,drive15,32085
68,0.8868560423688012,6,7.651612903225806,1.9399999999999977,1,13,4.67741935483871,0.7445833333333326,1,1.0756598240469208,3.026239,80.4763440860215,18.543525652462648,4.6118441610922,57.0,143.0,stressed,drive15,32550
70,0.8611500701262274,4,12.881720430107526,1.8959999999999988,1,10,4.752688172043011,0.8989999999999974,1,1.054147465437788,2.585183,74.46559139784947,11.90045625423037,2.393028986188964,60.0,106.0,stressed,drive15,33015
71,0.8543778801843318,2,39.225806451612904,3.0879999999999974,1,10,5.505376344086021,0.6671111111111094,1,0.9983597594313832,1.345825,66.8505376344086,6.412037128795869,1.846650591446343,60.0,91.0,stressed,drive15,33480
70,0.8611500701262272,4,9.118279569892472,2.2609999999999935,1,12,4.733137829912024,0.4343636363636359,1,1.0155728587319244,3.000223,70.29354838709678,12.41646761579598,3.4803770999424892,60.0,109.0,stressed,drive15,33945
66,0.9081885856079405,6,9.2,4.128199999999993,1,9,6.088709677419355,1.3627500000000006,1,0.849146110056926,3.269389,76.88817204301075,15.465479070986854,3.8772889000187782,62.0,118.0,stressed,drive15,34410
65,0.934475806451613,4,12.81720430107527,3.642999999999997,1,8,7.170506912442396,0.9591428571428603,1,0.8252688172043011,1.466836,72.97849462365592,14.321484345656156,2.641068381528502,60.0,118.0,stressed,drive15,34875
67,0.8954056695992181,4,14.344086021505376,0.12266666666666726,1,8,6.488479262672811,0.1780000000000046,1,0.8536699392239363,0.926902,68.27634408602151,8.872209818551436,1.9756319586825686,60.0,103.0,stressed,drive15,35340
67,0.8973607038123167,7,8.634408602150538,0.1463333333333338,1,9,5.911290322580646,0.16100000000000164,1,0.8849301877708232,1.083211,68.9989247311828,8.892004317322437,2.3512816283927416,60.0,100.0,stressed,drive15,35805
65,0.9213709677419355,7,9.043010752688172,0.4921666666666676,1,11,5.4,0.22429999999999958,1,0.9613960867265995,3.238813,70.88924731182796,11.556015631822365,2.659952976752796,62.0,106.0,stressed,drive15,36270
65,0.9294354838709677,6,7.935483870967741,1.3547999999999998,1,13,4.532258064516129,0.3611666666666678,1,0.9624537281861448,4.034262,71.84731182795699,10.76675080427043,2.797238373617354,62.0,106.0,stressed,drive15,36735
65,0.9223790322580645,6,6.95483870967742,1.815799999999998,1,10,5.627240143369176,0.5195555555555553,1,0.886856042368801,2.685429,68.59892473118279,8.317451463266675,2.782576885319181,51.0,99.0,stressed,drive15,37200
67,0.8934506353861194,5,10.645161290322582,1.3312499999999967,1,8,6.506912442396314,0.39014285714285674,1,0.9423585404547858,1.345961,67.7258064516129,10.813824318558469,2.362926794363733,51.0,96.0,stressed,drive15,37665
67,0.8944281524926687,4,10.408602150537634,0.7649999999999947,1,7,7.096774193548385,0.34616666666666723,1,0.9226830517153098,2.889963,66.93870967741935,11.150172690287793,1.9451576596191442,57.0,96.0,stressed,drive15,38130
64,0.939068100358423,4,13.52688172043011,1.0939999999999894,1,5,10.177419354838712,0.5969999999999929,1,0.7387096774193548,3.495116,63.09139784946237,6.170623361514847,1.4510305902876357,57.0,94.0,stressed,drive15,38595
62,0.9550502379693283,3,16.741935483870968,0.5844999999999958,1,6,9.535483870967742,0.3831999999999972,1,0.8113124171453822,2.230082,62.660215053763444,4.68750661154966,1.611984182065469,55.0,94.0,stressed,drive15,39060
61,0.9688172043010752,3,23.903225806451616,0.42900000000000227,1,5,11.870967741935484,0.32000000000000045,1,1.0277306168647424,0.49353,64.27204301075268,6.081186669555378,2.1878911306482847,53.0,95.0,stressed,drive15,39525
62,0.9677419354838711,5,9.129032258064516,1.2852499999999976,1,7,7.763440860215053,0.7078333333333338,1,1.1004260499087035,0.387018,68.91612903225807,9.952222319744985,2.638009818392943,53.0,97.0,stressed,drive15,39990
62,0.9582231623479642,3,21.548387096774192,0.781500000000005,1,7,8.35483870967742,0.30183333333333595,1,0.9698572184029615,0.289452,74.28172043010753,13.86471460285479,2.891098397872111,53.0,107.0,stressed,drive15,40455
63,0.9531737773152967,3,15.64516129032258,0.1334999999999849,1,5,9.483870967741934,0.2510000000000037,1,0.8003487358326068,0.303157,71.50645161290322,13.756111497730066,3.4472809522000825,58.0,107.0,stressed,drive15,40920
66,0.911166253101737,4,14.0,0.1043333333333305,1,7,9.10752688172043,0.24416666666666273,1,0.7185483870967742,0.482184,66.56881720430107,9.148129587247896,3.2384596798408327,58.0,96.0,stressed,drive15,41385
66,0.9121588089330025,5,9.85483870967742,1.9094999999999995,1,9,6.241935483870968,0.6801249999999971,1,0.7624633431085044,2.155437,65.22365591397849,7.299394552142073,2.395277017672192,59.0,94.0,stressed,drive15,41850
63,0.9417273673257026,4,17.376344086021504,1.7356666666666618,1,6,10.374193548387098,0.5798000000000003,1,0.847926267281106,2.126331,65.6763440860215,7.6264663367008065,2.343715688661659,59.0,94.0,stressed,drive15,42315
63,0.9531737773152966,6,8.064516129032258,1.8479999999999985,1,6,7.961290322580647,0.5546000000000022,1,1.0060142154182612,2.256207,71.41720430107527,12.896366277049108,3.1417875243599616,57.0,100.0,stressed,drive15,42780
64,0.9380440348182284,6,6.903225806451613,1.132399999999998,1,7,8.752688172043012,0.4954999999999976,1,1.0686217008797652,2.277397,72.89139784946236,12.622221026325548,3.3023135055136,57.0,100.0,stressed,drive15,43245
64,0.9431643625192012,7,7.64516129032258,1.4099999999999933,1,11,4.55483870967742,0.3983999999999967,1,1.0686217008797656,2.4781,69.38064516129032,9.127487235799396,2.7263021399782428,59.0,99.0,stressed,drive15,43710
64,0.9431643625192014,7,8.731182795698926,2.097333333333331,1,11,5.245161290322581,0.6474999999999989,1,0.9359959037378393,2.911716,72.47096774193548,11.819871919008053,3.3102899232050302,59.0,101.0,stressed,drive15,44175
65,0.9233870967741936,5,9.32258064516129,1.547499999999998,1,7,6.989247311827957,0.6783333333333337,1,0.7903225806451614,1.85298,72.21935483870968,11.364879480455228,3.4768185103214218,60.0,101.0,stressed,drive15,44640
66,0.905210918114144,6,10.503225806451614,0.5295999999999991,1,10,5.813620071684587,0.2776666666666667,1,0.888781896966779,2.205156,69.59354838709677,8.593218211875339,2.5641395487382623,60.0,96.0,stressed,drive15,45105
68,0.8887818969667791,4,9.95698924731183,0.7723333333333322,1,8,6.792626728110599,0.49085714285714294,1,1.1750171585449554,1.995461,67.54086021505377,8.18830449133554,1.9718143088183304,60.0,96.0,stressed,drive15,45570
66,0.907196029776675,2,30.06451612903226,1.6909999999999972,1,5,11.354838709677418,0.5037500000000003,1,1.523573200992556,1.095479,67.92258064516129,8.579446920944427,2.397971873597812,60.0,101.0,stressed,drive15,46035
66,0.905210918114144,4,13.118279569892472,0.9066666666666587,1,7,7.204301075268817,0.5798333333333345,1,1.1902567478604344,1.088994,72.91935483870968,12.00416377640957,3.1833122462044634,60.0,101.0,stressed,drive15,46500
65,0.9274193548387097,5,11.225806451612902,1.4142499999999962,1,12,5.2727272727272725,0.5736363636363643,1,0.9604578563995837,0.824963,74.58494623655913,15.187140473104135,3.584592072039422,60.0,128.0,stressed,drive15,46965
63,0.9458896982310095,4,14.946236559139784,1.8656666666666588,1,14,3.379652605459057,0.4726153846153856,1,0.8823821339950372,1.471337,80.25483870967741,17.60170456145112,3.118575203915368,62.0,128.0,stressed,drive15,47430
64,0.9329237071172557,3,17.0,0.7349999999999997,1,13,4.596774193548387,0.7212500000000004,1,0.9002016129032258,1.566526,78.97204301075269,15.208206369831958,2.4980078176520166,55.0,118.0,stressed,drive15,47895
64,0.9431643625192014,3,12.741935483870968,1.2909999999999964,1,16,3.3075268817204297,0.526666666666666,1,0.8973607038123167,1.439367,69.97849462365592,7.609103905846674,2.0288553513246064,55.0,101.0,stressed,drive15,48360
68,0.8907077515647569,5,11.758064516129032,0.8620000000000025,1,18,3.214421252371917,0.22135294117647158,1,0.9774193548387095,1.555143,69.96989247311828,6.746656439060577,2.3579104431034796,57.0,100.0,stressed,drive15,48825
74,0.8095448519664163,5,10.64516129032258,0.9577500000000013,1,12,4.533724340175953,0.20300000000000004,1,1.100358422939068,1.158083,72.44301075268817,13.904183619262367,3.1571675932797696,62.0,116.0,stressed,drive15,49290
71,0.8451612903225807,3,18.193548387096776,1.191500000000001,1,11,4.748387096774193,0.24559999999999657,1,1.0521994134897361,0.850457,73.38172043010752,14.69977284760901,2.7086752150973488,62.0,116.0,stressed,drive15,49755
67,0.8895405669599219,4,9.354838709677418,0.8726666666666629,1,14,3.6674937965260543,0.24207692307692202,1,1.2311827956989247,1.881819,71.11290322580645,8.825131828269404,1.57140760194584,60.0,94.0,stressed,drive15,50220
67,0.8885630498533725,4,14.387096774193546,1.3239999999999978,1,9,6.0,0.2283749999999989,1,1.1676154332700823,2.473898,68.24516129032259,5.626559829204683,1.4973963769089977,60.0,99.0,stressed,drive15,50685
65,0.9183467741935484,3,19.451612903225808,1.6244999999999998,1,10,4.358422939068101,0.3172222222222235,1,0.8028673835125447,1.82385,69.87849462365591,8.179391220903591,3.0196699967261478,64.0,107.0,stressed,drive15,51150
69,0.8757115749525619,3,18.741935483870968,0.358,1,9,4.669354838709678,0.5027499999999983,1,0.9274193548387096,0.359176,69.61612903225806,8.574152082879095,2.9172291732936597,60.0,107.0,stressed,drive15,51615
69,0.8690702087286528,3,16.741935483870968,1.7894999999999943,1,6,11.329032258064515,0.9065999999999947,1,1.7077798861480076,3.056994,69.49032258064516,9.20088897664013,2.936537213678672,52.0,116.0,stressed,drive15,52080
66,0.9081885856079406,6,9.974193548387095,0.9151999999999978,1,9,6.17741935483871,0.6180000000000023,1,1.2228739002932552,3.966521,70.5731182795699,10.702001016641864,3.0911868194331515,52.0,116.0,stressed,drive15,52545
68,0.8849301877708234,6,10.477419354838709,1.2087999999999994,1,11,4.6903225806451605,0.5477000000000032,1,0.8768328445747802,3.760896,75.85376344086022,17.7561169780329,4.05412785161548,52.0,143.0,stressed,drive15,53010
66,0.9052109181141439,5,12.274193548387096,1.7090000000000025,1,15,3.963133640552995,0.3672857142857135,1,0.770004189359028,3.33264,79.44408602150537,18.109392574944653,4.874197789423384,62.0,143.0,stressed,drive15,53475
68,0.877226769378912,8,8.248847926267281,1.9065714285714268,1,17,3.649193548387097,0.44349999999999906,1,0.7327757865392275,2.338556,76.91935483870968,14.67324943719463,4.198390177927023,64.0,111.0,stressed,drive15,53940
70,0.8658251519401591,11,4.748387096774193,1.9382999999999968,1,13,4.28494623655914,0.6270000000000014,1,0.9062034739454093,2.127022,76.11505376344086,15.006403265793043,3.648141216838768,62.0,111.0,stressed,drive15,54405
71,0.847004608294931,2,4.709677419354839,0.9519999999999995,1,4,1.8494623655913978,0.3903333333333389,1,1.5410138248847927,1.669057,76.34516129032258,11.323218283059521,3.413706305869637,58.0,107.0,no,drive15,55335
70,0.8555399719495091,0,60.0,0.0,0,1,60.0,0.0,0,2.6217008797653953,0.161803,79.3731182795699,37.54016527075903,7.248918853354535,58.0,225.0,no,drive15,55800
68,0.888781896966779,0,60.0,0.0,0,1,60.0,0.0,0,2.5329593267882187,0.162458,75.63010752688172,37.885208010646366,7.018352077039696,60.0,225.0,no,drive15,56265
73,0.8189964157706093,1,60.0,0.0,0,1,60.0,0.0,0,2.469208211143695,0.160675,67.43440860215054,10.754368900902563,2.718592049963126,56.0,90.0,no,drive15,56730
73,0.8198924731182795,1,60.0,0.0,0,1,60.0,0.0,0,2.9677419354838706,0.160751,69.06559139784946,12.995491315941916,3.160915783421253,56.0,95.0,no,drive15,57195
64,0.9318996415770611,0,60.0,0.0,0,0,60.0,0.0,0,2.957555178268252,0.164072,65.11290322580645,10.258337556385161,2.473976503861283,48.0,95.0,no,drive15,57660
63,0.9490114464099897,0,60.0,0.0,0,0,60.0,0.0,0,3.1103565365025467,0.164524,62.06021505376344,3.779774692748951,1.0133660032880625,48.0,68.0,no,drive15,58125
61,0.9870967741935482,0,60.0,0.0,0,0,60.0,0.0,0,3.176470588235294,0.163951,62.909677419354836,2.213451764359465,0.7036732777421607,57.0,68.0,no,drive15,58590
61,0.9784946236559141,0,60.0,0.0,0,0,60.0,0.0,0,2.5131964809384164,0.162633,62.17741935483871,3.870445753336153,1.186123572017151,56.0,83.0,no,drive15,59055
64,0.9349718381976447,0,60.0,0.0,0,0,60.0,0.0,0,2.2916129032258064,0.162446,59.851612903225806,3.8338507244072253,1.2023479004130029,56.0,83.0,no,drive15,59520
63,0.9490114464099897,1,60.0,0.0,0,0,60.0,0.0,0,2.5718475073313787,0.174086,58.01182795698925,3.388606763606275,0.9463544010117544,45.0,67.0,no,drive15,59985
65,0.9163306451612904,0,60.0,0.0,0,0,60.0,0.0,0,2.8161290322580643,0.199209,61.453763440860214,9.17421068814595,2.5143292252955773,45.0,88.0,no,drive15,60450
65,0.9304435483870968,0,60.0,0.0,0,0,60.0,0.0,0,2.4327956989247315,0.191068,64.28924731182796,10.800497423487071,2.7691985682578517,54.0,88.0,no,drive15,60915
62,0.9666842940243257,0,60.0,0.0,0,0,60.0,0.0,0,2.325268817204301,0.164584,59.75376344086021,8.755373884536185,1.5672921668519768,49.0,87.0,no,drive15,61380
63,0.9635796045785637,0,60.0,0.0,0,0,60.0,0.0,0,2.413978494623656,0.165545,57.69139784946236,5.142949154231074,1.4134522091214823,49.0,84.0,no,drive15,61845
63,0.9583766909469301,0,60.0,0.0,0,0,60.0,0.0,0,2.2158808933002483,0.328718,57.42795698924731,5.313168173619279,1.4898291707505849,49.0,84.0,no,drive15,62310
68,0.8926336061627347,0,60.0,0.0,0,0,60.0,0.0,0,2.5049088359046285,0.327418,57.6258064516129,6.364364892011461,1.638148551917239,47.0,77.0,no,drive15,62775
66,0.8992555831265507,0,60.0,0.0,0,0,60.0,0.0,0,2.5610098176718092,0.164561,59.70322580645161,9.127772244820338,2.1333378184380556,47.0,89.0,no,drive15,63240
68,0.8714492055849783,0,60.0,0.0,0,0,60.0,0.0,0,2.2167741935483876,0.237722,59.07096774193548,10.156586724987152,2.2961567553184645,41.0,89.0,no,drive15,63705
72,0.8368923216719673,0,60.0,0.0,0,0,60.0,0.0,0,2.6390168970814125,0.239199,59.798924731182794,11.598544538127909,2.4044719728550437,41.0,94.0,no,drive15,64170
69,0.8690702087286526,0,60.0,0.0,0,0,60.0,0.0,0,2.607038123167155,1.178032,79.28709677419354,37.75584189165465,4.777278479040954,48.0,225.0,no,drive15,64635
70,0.8592800374006544,0,60.0,0.0,0,1,60.0,0.0,0,2.3091397849462365,1.462273,84.48279569892473,38.49175620064475,6.645976145275706,52.0,225.0,no,drive15,65100
72,0.8350749659245795,0,60.0,0.0,0,0,60.0,0.0,0,2.903225806451613,1.200696,68.43225806451613,17.93243688823711,5.047353802641735,60.0,225.0,no,drive15,65565
71,0.8479262672811059,1,60.0,0.0,0,1,60.0,0.0,0,3.10752688172043,1.122951,66.17096774193548,9.642748466500965,1.8726977254007668,56.0,94.0,no,drive15,66030
70,0.8574100046750819,0,60.0,0.0,0,0,60.0,0.0,0,2.794567062818336,1.078139,65.70967741935483,10.784178619537618,2.077093274102502,56.0,94.0,no,drive15,66495
77,0.7801358234295416,1,60.0,0.0,0,0,60.0,0.0,0,2.8419354838709676,1.035486,71.47956989247312,21.9141068089567,2.6993201711610704,56.0,145.0,no,drive15,66960
76,0.792258064516129,1,60.0,0.0,0,0,60.0,0.0,0,2.3951612903225805,0.81625,76.93118279569893,23.998826039812165,3.6054019989087487,56.0,145.0,no,drive15,67425
66,0.9091811414392059,1,60.0,0.0,0,1,60.0,0.0,0,2.3440860215053765,0.533842,69.13763440860215,16.205680100577606,3.0698716501397154,48.0,145.0,no,drive15,67890
65,0.9203629032258065,0,60.0,0.0,0,0,60.0,0.0,0,2.7772657450076803,0.439994,61.76021505376344,8.74990187084694,2.1720903108807823,48.0,97.0,no,drive15,68355
83,0.7191188040912669,6,7.354838709677421,0.7674000000000054,1,1,60.0,0.0,0,2.150537634408602,0.211059,82.7752688172043,8.005510950145444,1.7750210356703158,60.0,97.0,no,drive16,0
85,0.7081413210445471,7,7.333333333333333,0.652333333333324,1,1,60.0,0.0,0,2.1811414392059554,0.214188,83.40967741935484,9.115915003309029,2.0617486072988145,60.0,103.0,no,drive16,465
86,0.6982922201138522,10,5.770609318996415,0.7269999999999897,1,1,60.0,0.0,0,2.1538461538461537,0.208271,85.36666666666666,6.847020124682971,2.0243405815467117,70.0,112.0,no,drive16,930
86,0.699810246679317,9,5.830645161290322,0.40224999999999406,1,0,60.0,0.0,0,2.71889400921659,0.204154,86.08279569892473,6.635407202516459,2.578999397092702,74.0,112.0,no,drive16,1395
86,0.6990512333965846,9,5.82258064516129,0.4807499999999968,1,0,60.0,0.0,0,2.598240469208211,0.204828,85.65913978494623,7.419021419966553,2.2415971547292837,66.0,112.0,no,drive16,1860
88,0.6822395253985913,6,10.374193548387098,0.9506000000000039,1,0,60.0,0.0,0,1.7458455522971652,0.221594,87.29784946236559,9.102079149158914,2.366568371241127,52.0,128.0,no,drive16,2325
90,0.6676332004349402,6,9.458064516129031,1.1240000000000099,1,1,60.0,0.0,0,1.564516129032258,0.221836,89.84086021505377,17.065731471515644,4.108197586023913,52.0,140.0,no,drive16,2790
88,0.6777901371894699,7,7.731182795698925,0.20150000000001,1,0,60.0,0.0,0,1.7648283038501562,0.201633,88.6989247311828,16.63005760808116,3.702325222880098,52.0,140.0,no,drive16,3255
90,0.6719826023921712,5,12.0,0.2977499999999964,1,0,60.0,0.0,0,2.2034739454094288,0.204015,87.96881720430108,7.571884589413849,1.870684844346476,65.0,103.0,no,drive16,3720
89,0.6744868035190618,3,8.612903225806452,0.08250000000000246,1,0,60.0,0.0,0,2.4596774193548385,0.204621,88.6268817204301,7.3688918906228595,2.407380113253376,65.0,130.0,no,drive16,4185
91,0.6637992831541221,4,12.989247311827958,0.2659999999999905,1,0,60.0,0.0,0,2.299354838709677,0.202177,90.49354838709678,7.067604519602674,2.1839516430847583,73.0,130.0,no,drive16,4650
91,0.6616487455197134,4,15.376344086021504,0.31733333333332564,1,0,60.0,0.0,0,2.6041055718475072,0.201736,89.57741935483871,6.9652691251258805,1.9009373926924817,68.0,103.0,no,drive16,5115
86,0.69146110056926,4,7.182795698924731,0.2580000000000176,1,0,60.0,0.0,0,2.4628330995792425,0.1996,85.15483870967742,7.737056706484823,2.258341790479572,63.0,99.0,no,drive16,5580
83,0.7246262785208498,2,6.903225806451613,0.5450000000000168,1,0,60.0,0.0,0,2.2890322580645157,0.200139,82.45483870967742,8.234245512949794,2.311342370183758,63.0,120.0,no,drive16,6045
86,0.6998102466793171,1,60.0,0.0,0,0,60.0,0.0,0,2.260545905707196,0.19828,85.68494623655914,7.923334888151432,2.188137113124822,68.0,120.0,no,drive16,6510
88,0.6755654430849095,0,60.0,0.0,0,0,60.0,0.0,0,2.0979689366786136,0.197321,90.22150537634408,10.99933379666247,2.5192477562292037,77.0,137.0,no,drive16,6975
89,0.6759530791788858,0,60.0,0.0,0,0,60.0,0.0,0,2.076463560334528,0.198617,90.31075268817204,10.569238814166319,2.2902893241629094,80.0,137.0,no,drive16,7440
91,0.6623655913978496,3,5.419354838709678,0.15500000000001135,1,0,60.0,0.0,0,1.9838709677419355,0.206533,90.39462365591397,7.403586250898557,2.192805537403043,64.0,124.0,no,drive16,7905
91,0.653046594982079,5,11.903225806451612,0.14275000000001126,1,0,60.0,0.0,0,2.0,0.207087,91.7989247311828,8.700352169656986,3.183143168406113,64.0,132.0,no,drive16,8370
93,0.6451612903225807,6,8.941935483870969,0.11980000000000217,1,0,60.0,0.0,0,1.7358870967741935,0.196725,90.96774193548387,8.744339628943168,3.305897134897446,65.0,132.0,no,drive16,8835
92,0.6479971641261966,9,5.612903225806452,0.16037499999999805,1,0,60.0,0.0,0,1.7419354838709675,0.191577,91.48064516129033,8.393043177377042,3.022876537653252,65.0,111.0,no,drive16,9300
93,0.6493688639551193,10,5.849462365591397,0.17044444444444393,1,0,60.0,0.0,0,1.852822580645161,0.186389,95.23333333333333,19.46395529062774,3.971643297728513,75.0,161.0,no,drive16,9765
94,0.6382240721470693,7,5.43010752688172,0.23816666666666583,1,0,60.0,0.0,0,1.7620967741935483,0.182387,96.51612903225806,18.994516980912923,3.4796038030902436,75.0,161.0,no,drive16,10230
94,0.6333680194242111,3,22.225806451612904,0.37799999999999434,1,0,60.0,0.0,0,1.7324478178368121,0.196228,94.09139784946237,6.010495406808343,1.7475186159924143,68.0,107.0,no,drive16,10695
93,0.6493688639551195,4,14.838709677419354,0.1823333333333282,1,0,60.0,0.0,0,1.9154616240266968,0.209744,91.39569892473118,6.563698045948331,1.918972186323644,67.0,107.0,no,drive16,11160
90,0.6632837984777095,2,17.419354838709676,0.16099999999998982,1,0,60.0,0.0,0,2.4354838709677415,0.209358,89.50860215053764,5.189778123460391,1.3853764940044044,67.0,99.0,no,drive16,11625
91,0.6566308243727601,0,60.0,0.0,0,0,60.0,0.0,0,2.0576036866359444,0.209025,90.30322580645161,4.278288563787272,1.1082429192815908,67.0,97.0,no,drive16,12090
93,0.6458625525946706,0,60.0,0.0,0,0,60.0,0.0,0,1.8335067637877211,0.210844,92.16344086021505,2.930587116714503,0.8785201374255558,85.0,99.0,no,drive16,12555
95,0.632120796156486,0,60.0,0.0,0,0,60.0,0.0,0,2.096774193548387,0.215483,94.19462365591397,3.163938799871589,1.2523390386851536,85.0,101.0,no,drive16,13020
97,0.6223118279569891,16,2.5935483870967744,1.67033333333333,1,2,6.967741935483871,1.038999999999998,1,1.2847124824684433,9.573787,103.84623655913978,11.547704320938632,1.7777478767967432,73.0,130.0,stressed,drive16,13950
106,0.567741935483871,20,2.8624787775891343,1.5003684210526302,1,6,7.548387096774194,1.3604000000000014,1,0.909181141439206,8.534497,112.16989247311828,8.385673714398381,2.9544442085221685,93.0,130.0,stressed,drive16,14415
110,0.548683042320213,14,4.406947890818859,1.2905384615384556,1,10,6.336917562724015,0.8671111111111112,1,0.7158958414302369,3.753966,110.4763440860215,12.463364790581643,4.4634624798394285,83.0,137.0,stressed,drive16,14880
112,0.5347282766637604,16,3.4580645161290327,0.5836666666666694,1,15,3.5483870967741935,0.30885714285714283,1,0.7447937933850549,2.311191,111.65161290322581,13.097940516953036,5.065023906063912,83.0,143.0,stressed,drive16,15345
112,0.5353095030514387,20,2.6994906621392185,0.5781578947368491,1,14,4.238213399503722,0.2905384615384628,1,1.2016129032258063,2.027996,111.22365591397849,13.763496975692055,4.989979194082228,74.0,155.0,stressed,drive16,15810
107,0.5642118076688984,19,3.1111111111111116,0.6126666666666637,1,8,7.861751152073732,0.6635714285714277,1,1.4904880066170387,1.762566,105.09247311827957,17.95921446517822,4.995369222651471,51.0,155.0,stressed,drive16,16275
106,0.5658986175115207,15,3.9262672811059907,0.6427142857142785,1,8,6.63594470046083,0.548285714285716,1,1.357910906298003,1.425285,102.99139784946236,16.283111218352676,4.399456860498155,51.0,132.0,stressed,drive16,16740
105,0.5707196029776676,15,3.8847926267281108,0.45928571428571285,1,9,6.17741935483871,0.24112500000000286,1,1.312316715542522,0.86511,105.5752688172043,12.263207985230768,4.237690335037798,75.0,132.0,stressed,drive16,17205
105,0.5688585607940447,15,3.405529953917051,0.5233571428571405,1,9,5.959677419354838,0.2078750000000013,1,1.1955233706385782,0.971491,105.53763440860214,12.420983927040776,4.520018861235021,75.0,137.0,stressed,drive16,17670
98,0.612570668440306,14,4.1488833746898255,0.5555384615384684,1,9,6.42741935483871,0.2525000000000015,1,1.6415770609318998,0.954351,97.0720430107527,12.042852389511774,3.7531472261535477,72.0,137.0,stressed,drive16,18135
92,0.6465792272243887,11,4.593548387096774,0.5459000000000149,1,8,6.8755760368663585,0.3245714285714305,1,1.9221357063403777,0.402141,91.54516129032258,9.166242603630405,3.0210955461961975,72.0,124.0,stressed,drive16,18600
100,0.5995438253502771,11,5.438709677419355,0.7859000000000032,1,9,6.82258064516129,0.5521250000000023,1,1.2505147563486618,1.010786,99.05806451612904,14.065012815536786,3.985306705529288,78.0,137.0,stressed,drive16,19065
104,0.5768869401816475,11,5.16774193548387,0.7657000000000128,1,11,5.683870967741935,0.43529999999999947,1,1.0049207217058502,1.040035,103.19032258064516,13.111486915802248,4.37811860247172,79.0,137.0,stressed,drive16,19530
101,0.5954838709677419,11,5.019354838709677,0.3369000000000105,1,15,3.0506912442396312,0.12928571428571517,1,1.1650853889943074,0.385014,98.47204301075269,10.553793239403811,3.862407488066884,75.0,121.0,stressed,drive16,19995
99,0.6063199473337723,10,5.96415770609319,0.7273333333333368,1,18,3.1650853889943074,0.2041764705882365,1,1.0404692082111437,0.239199,98.46451612903226,10.835491713800874,3.5650196224570445,75.0,140.0,stressed,drive16,20460
104,0.5731287190729721,9,6.637096774193549,1.3866250000000007,1,15,3.9815668202764973,0.3420714285714303,1,1.0721407624633432,0.519536,105.7505376344086,11.350530503976541,3.7075549087649393,79.0,140.0,stressed,drive16,20925
112,0.5358907294391165,15,3.8801843317972344,0.9992142857142866,1,14,3.488833746898263,0.368230769230772,1,1.0858186244674375,0.7579,111.9494623655914,17.02738542905689,5.445097339595953,55.0,148.0,stressed,drive16,21390
112,0.5347282766637605,16,3.7591397849462367,0.6131333333333363,1,10,5.935483870967741,0.5242222222222236,1,1.2678821879382887,0.586633,111.79677419354839,17.280251339849382,5.743719366718468,55.0,148.0,stressed,drive16,21855
111,0.5419354838709677,13,4.387096774193549,0.6356666666666771,1,11,4.7935483870967746,0.21980000000000227,1,1.4596774193548387,0.199439,111.2010752688172,11.16789748912784,4.975180595626234,80.0,148.0,stressed,drive16,22320
113,0.5305299539170506,12,5.020527859237537,1.6110909090909151,1,12,4.826979472140762,0.39318181818182096,1,0.9479708636836628,0.476291,112.7010752688172,11.724017207807155,4.911049469220209,80.0,148.0,stressed,drive16,22785
115,0.5200905489530278,15,3.5529953917050685,1.2607857142857184,1,11,4.709677419354839,0.36590000000000034,1,0.8278055429350295,1.671627,114.33010752688172,11.416817296985139,5.265604213073803,72.0,151.0,stressed,drive16,23250
118,0.5100634132892197,15,3.7603686635944698,0.7706428571428606,1,12,4.4046920821114375,0.27927272727272656,1,0.8046594982078852,1.693967,116.15913978494623,10.848043642654343,4.914336137981622,72.0,151.0,stressed,drive16,23715
119,0.5057408419901586,12,4.803519061583578,0.8498181818181796,1,10,4.422939068100359,0.24344444444444358,1,0.7909854175872736,1.383266,117.15268817204301,12.75890236454236,4.79089106997318,83.0,151.0,stressed,drive16,24180
116,0.5172510518934081,13,4.790322580645161,0.8425000000000046,1,7,9.763440860215054,0.5243333333333328,1,1.0220713073005092,1.323701,116.27741935483871,14.86109251568085,5.987068950485595,83.0,165.0,stressed,drive16,24645
112,0.5376344086021506,10,5.491039426523297,0.5635555555555619,1,9,6.435483870967742,0.2182500000000023,1,1.204301075268817,0.393414,112.86881720430108,12.989077119158466,5.541894458332653,86.0,165.0,stressed,drive16,25110
106,0.5652841781874041,6,8.64516129032258,0.765599999999998,1,7,5.053763440860216,0.14616666666666903,1,1.3232974910394262,0.231919,105.41935483870968,11.198043781393402,4.082438959483869,77.0,137.0,stressed,drive16,25575
100,0.5982404692082112,8,8.32258064516129,0.41028571428571187,1,1,60.0,0.0,0,1.846774193548387,0.189323,99.1247311827957,8.34263123333875,2.714431392126516,77.0,130.0,stressed,drive16,26040
107,0.5581253804017041,12,4.803519061583578,0.906545454545455,1,6,4.580645161290323,0.6085999999999976,1,1.4303697875688435,1.257011,107.56989247311827,14.92987036181815,4.067911130885683,70.0,155.0,stressed,drive16,26505
115,0.5195246179966043,15,3.8018433179723496,0.9584285714285731,1,12,5.214076246334311,0.4062727272727246,1,0.9275515600211528,1.877523,120.16774193548387,21.33198497733363,6.477334831791789,63.0,177.0,stressed,drive16,26970
114,0.5195546674279189,16,3.595698924731183,0.8029333333333365,1,10,6.279569892473118,0.13644444444444329,1,0.8813895781637717,2.012602,117.21290322580646,22.398056875236602,6.1432487206622355,63.0,177.0,stressed,drive16,27435
115,0.5195246179966043,16,3.5612903225806454,1.1449333333333338,1,7,5.870967741935485,0.3405000000000015,1,0.8406072106261859,2.664578,112.73333333333333,19.23554803596008,4.713309373779762,62.0,155.0,stressed,drive16,27900
114,0.5286896945475308,13,4.387096774193548,1.0627500000000032,1,4,9.827956989247312,0.11100000000000332,1,0.8546049555867227,2.363908,112.46129032258065,17.502721952725597,4.532504303773404,62.0,155.0,stressed,drive16,28365
109,0.5525686977299881,10,6.322580645161291,0.7849999999999926,1,2,44.12903225806452,2.1559999999999926,1,0.7971718957136544,0.813235,106.48387096774194,12.44783774739618,4.601328960460026,78.0,140.0,stressed,drive16,28830
103,0.5831752055660975,9,4.653225806451613,0.37349999999998684,1,1,60.0,0.0,0,0.6982922201138518,0.356765,100.82043010752689,10.38645788235283,3.995018426515999,78.0,130.0,stressed,drive16,29295
102,0.5908655381667199,10,6.344086021505377,0.2566666666666654,1,3,12.387096774193548,0.18449999999999916,1,0.6480286738351253,0.2909,103.11612903225806,14.620704793939407,3.6300978407877853,71.0,151.0,stressed,drive16,29760
102,0.5857553497285213,9,6.403225806451612,0.46612499999999724,1,3,9.064516129032258,0.1404999999999939,1,0.7096774193548385,0.294186,104.96881720430108,15.26751050746709,3.8373833926877543,71.0,151.0,stressed,drive16,30225
102,0.5895879910571702,9,6.403225806451613,0.6231249999999918,1,3,17.258064516129032,0.15699999999999784,1,0.7184388689765033,0.359267,101.66021505376344,9.007680591093983,2.699718918511079,79.0,128.0,stressed,drive16,30690
99,0.6030283080974326,12,5.13782991202346,0.4729090909090859,1,3,25.548387096774192,0.15200000000000677,1,0.674823878383389,0.356781,97.53118279569892,6.313800867678142,1.854793342209194,80.0,118.0,stressed,drive16,31155
99,0.6043449637919684,9,6.379032258064516,0.8806249999999965,1,4,14.559139784946238,0.007666666666672601,1,0.7427626137303558,0.28657,97.66129032258064,10.19900408650634,3.4461878909235204,75.0,140.0,stressed,drive16,31620
101,0.5935483870967742,7,7.892473118279569,1.1501666666666603,1,3,19.03225806451613,0.05700000000000335,1,0.7741935483870966,0.287054,99.93655913978495,10.963245388606584,4.104658803927932,75.0,140.0,stressed,drive16,32085
100,0.60019550342131,8,7.953917050691244,0.7794285714285711,1,1,60.0,0.0,0,0.7699490662139219,0.294587,99.45806451612903,9.466912641594387,3.7584493974219875,78.0,137.0,stressed,drive16,32550
101,0.5954838709677419,11,4.780645161290323,0.4880000000000065,1,2,9.548387096774194,0.044999999999999096,1,0.7112509834775766,0.301723,100.60860215053764,10.910364569310422,4.235022364062786,78.0,140.0,stressed,drive16,33015
106,0.5658986175115207,15,3.990783410138249,0.3646428571428615,1,2,25.870967741935484,0.2390000000000015,1,0.6696329254727476,0.30021,105.53225806451613,11.393996356224656,4.764869649547589,85.0,140.0,stressed,drive16,33480
110,0.5469073690440959,15,3.741935483870968,0.7399285714285736,1,5,12.241935483870968,0.2237499999999929,1,0.7634408602150536,0.750613,110.68064516129033,10.456471557520217,4.617325914492701,90.0,137.0,stressed,drive16,33945
110,0.5439479135839006,13,4.419354838709677,0.9869166666666671,1,6,8.296774193548387,0.20539999999999586,1,0.7591118558860495,0.796962,111.13655913978495,12.742683204775012,4.720953909190581,76.0,143.0,stressed,drive16,34410
112,0.5324033711130485,18,3.275142314990513,0.5861176470588245,1,8,5.935483870967742,0.26299999999999885,1,0.8774193548387097,1.554949,114.76989247311828,16.44164516364961,5.625273585022414,76.0,177.0,stressed,drive16,34875
118,0.5106148331954783,22,2.6420890937019967,0.8682857142857165,1,8,6.2304147465437785,0.37228571428571267,1,1.0529953917050692,2.877687,119.43440860215054,15.703109031411554,6.20349219334526,79.0,177.0,stressed,drive16,35340
118,0.5089605734767025,17,3.1975806451612905,0.923312499999994,1,6,9.66451612903226,0.3568000000000003,1,0.9163306451612903,3.593253,115.20537634408602,16.552743108870434,6.320980153178648,73.0,165.0,stressed,drive16,35805
113,0.5282258064516129,14,4.337468982630273,0.8189230769230742,1,9,6.854838709677419,0.24399999999999789,1,0.7890148212728858,2.781943,110.10860215053764,14.737926758631659,5.677368058633947,73.0,165.0,stressed,drive16,36270
108,0.555924027735906,14,3.583126550868487,0.729076923076921,1,12,4.07624633431085,0.18845454545454238,1,0.7593052109181142,1.67386,105.39354838709677,14.31872078184025,5.51775683349924,70.0,143.0,stressed,drive16,36735
108,0.552909255351221,17,3.4435483870967745,0.8166874999999993,1,11,5.470967741935484,0.2126999999999973,1,0.8605313092979127,1.813868,108.81075268817204,16.671290513648,5.979152875329933,70.0,155.0,stressed,drive16,37200
111,0.5378299120234604,19,3.043010752688172,0.4825000000000017,1,8,7.373271889400923,0.17542857142856802,1,0.8225806451612903,1.599465,111.80860215053764,13.171079885789352,5.250557405439431,81.0,155.0,stressed,drive16,37665
108,0.554718118782032,17,3.375,0.43168749999999656,1,7,7.021505376344087,0.17816666666666595,1,0.7175452399685287,1.40837,105.85698924731183,12.146506182468462,4.703249912736692,80.0,140.0,stressed,drive16,38130
108,0.5571299366897798,20,3.0628183361629877,0.4365263157894715,1,7,6.698924731182797,0.09466666666666727,1,0.7190050524679363,0.937764,105.8,13.307884315180853,4.824475632002821,80.0,140.0,stressed,drive16,38595
109,0.5477897252090801,20,2.7911714770797964,0.6764736842105299,1,7,7.806451612903225,0.4513333333333321,1,0.7274193548387097,1.534421,107.32043010752689,11.799968645299924,4.548743305793607,80.0,132.0,stressed,drive16,39060
110,0.5451316957679787,14,3.215880893300248,0.7846923076923147,1,5,9.080645161290322,0.8482499999999986,1,0.8709677419354839,1.60193,108.18494623655914,11.270772423335275,4.548979942199323,80.0,145.0,stressed,drive16,39525
105,0.5688585607940447,11,5.819354838709678,0.711100000000003,1,5,12.564516129032258,0.5694999999999988,1,0.9193548387096775,0.736004,106.69462365591397,13.7588006290824,4.3935807955099495,84.0,145.0,stressed,drive16,39990
103,0.5844402277039848,11,4.5677419354838715,0.8460000000000051,1,5,12.82258064516129,0.6057499999999957,1,0.7977332170880559,0.746168,102.82150537634409,13.963638259163217,4.601679854266542,75.0,143.0,stressed,drive16,40455
102,0.5908655381667199,10,6.21505376344086,1.0224444444444467,1,4,12.0,0.23333333333333175,1,0.7576509511993381,0.661484,100.23763440860215,12.959427290366651,4.706567337597213,72.0,140.0,stressed,drive16,40920
98,0.6079148653142668,7,9.731182795698922,0.6433333333333308,1,4,14.10752688172043,0.1566666666666687,1,0.8592800374006544,0.259508,97.13440860215054,11.251389349082947,3.951944923198664,72.0,132.0,stressed,drive16,41385
99,0.6036866359447005,9,7.0,0.4445000000000009,1,3,9.35483870967742,0.13099999999999581,1,0.9594172736732568,0.176398,97.75591397849462,9.615153389430546,3.7116173478581302,76.0,132.0,stressed,drive16,41850
100,0.6008471814923428,11,4.7935483870967746,0.30869999999999587,1,1,60.0,0.0,0,0.9922135706340378,0.183234,98.28279569892473,9.74307720765827,3.3537409024705824,70.0,128.0,stressed,drive16,42315
96,0.6234295415959255,11,4.6258064516129025,0.13849999999999715,1,0,60.0,0.0,0,1.0189098998887653,0.186559,95.67956989247311,9.64133751417921,3.140073977723437,70.0,124.0,stressed,drive16,42780
94,0.637530350329518,10,5.92831541218638,0.24788888888888908,1,1,60.0,0.0,0,0.8739002932551319,0.18429,94.1258064516129,9.14978586300702,2.8899812090375057,74.0,124.0,stressed,drive16,43245
97,0.6169354838709679,9,4.758064516129032,0.2013750000000019,1,2,27.096774193548388,0.05800000000000305,1,0.8753009147809341,0.231846,96.3010752688172,8.817242328792897,2.910949597040866,74.0,126.0,stressed,drive16,43710
97,0.6182795698924732,4,13.118279569892474,0.42933333333332774,1,1,60.0,0.0,0,0.9899888765294772,0.228098,95.88494623655914,7.5220599763251075,2.7241297086477245,78.0,126.0,stressed,drive16,44175
95,0.6355525051475637,8,6.488479262672811,0.8928571428571399,1,1,60.0,0.0,0,0.9844271412680756,0.604836,93.2516129032258,6.993939202665849,1.9023525178737235,76.0,114.0,stressed,drive16,44640
103,0.5800126502213788,13,4.258064516129032,1.0234166666666684,1,2,22.516129032258064,1.1240000000000072,1,0.9808638600328047,0.697427,102.47419354838709,12.719804245685566,3.697815955637238,76.0,135.0,stressed,drive16,45105
111,0.5419354838709678,11,5.451612903225806,0.8019000000000052,1,3,28.129032258064516,0.3635000000000044,1,1.1625553447185326,0.451518,107.87741935483871,12.046595280675763,4.899528766251302,77.0,135.0,stressed,drive16,45570
114,0.5246931201827004,14,4.153846153846154,0.9809230769230749,1,5,7.290322580645161,0.24174999999999958,1,1.1077297626293365,1.741254,113.30645161290323,14.806118369525144,4.868120853661684,77.0,151.0,stressed,drive16,46035
115,0.5200905489530278,16,3.772043010752688,1.1094666666666602,1,7,8.021505376344086,0.36900000000000116,1,0.9542143600416232,2.131452,117.38709677419355,12.465032603561012,4.308976286956109,90.0,151.0,stressed,drive16,46500
109,0.552568697729988,16,3.858064516129032,0.5219333333333365,1,6,7.083870967741936,0.2371999999999967,1,0.7852292020373514,1.597514,109.23010752688172,12.464088500126097,4.177828608708831,84.0,137.0,stressed,drive16,46965
105,0.5707196029776676,14,3.955334987593052,0.5979230769230746,1,5,10.564516129032258,0.2602499999999935,1,0.8464130958112661,1.041609,103.43118279569893,11.652684203162323,4.475985437920194,84.0,137.0,stressed,drive16,47430
98,0.6132357831725974,10,5.132616487455197,0.8179999999999915,1,3,28.580645161290324,0.31900000000000095,1,1.6737327188940092,0.359082,96.37096774193549,11.28720924816505,3.584742215165922,71.0,137.0,stressed,drive16,47895
97,0.622983870967742,13,4.806451612903225,0.6621666666666556,1,3,12.064516129032258,0.2885000000000013,1,1.0218894009216588,0.402928,95.60537634408603,11.84669878785618,3.507488528906266,70.0,135.0,stressed,drive16,48360
102,0.5870328968380709,14,4.029776674937965,0.6478461538461467,1,5,9.516129032258064,0.21024999999999833,1,0.8433847592332866,0.815797,101.5236559139785,12.070045548278546,4.228026842340042,70.0,135.0,stressed,drive16,48825
102,0.5870328968380709,11,4.341935483870968,0.5615000000000028,1,7,9.150537634408602,0.13316666666666618,1,1.0028296547821167,0.906656,101.06129032258065,11.773466909379346,4.359886628126746,68.0,140.0,stressed,drive16,49290
100,0.6001955034213099,12,4.838709677419356,1.0039090909090902,1,8,6.7465437788018425,0.33571428571428685,1,0.9288274449564772,1.955814,99.01720430107527,10.970327757583119,4.410941479579566,68.0,140.0,stressed,drive16,49755
99,0.6023699802501647,11,5.7935483870967746,1.2362999999999957,1,8,6.046082949308755,0.34799999999999637,1,1.043778801843318,2.065024,98.28709677419354,10.330055593293157,3.9890862954505173,75.0,126.0,stressed,drive16,50220
96,0.6186757215619697,11,5.451612903225806,0.6905999999999987,1,9,5.903225806451612,0.0822499999999979,1,1.2587508579272477,0.995451,95.74408602150538,10.410865523040668,3.4333575441299775,75.0,121.0,stressed,drive16,50685
99,0.6069782751810402,14,3.9156327543424307,0.6580000000000028,1,10,6.200716845878135,0.13111111111111354,1,1.2300140252454417,0.757739,97.68387096774194,10.028403643614702,3.492880657172953,75.0,124.0,stressed,drive16,51150
97,0.6176075268817205,12,4.967741935483871,0.6989090909090918,1,7,7.956989247311827,0.2566666666666699,1,1.0521994134897361,0.601773,93.01935483870967,15.65088377774965,3.8220649967802074,49.0,124.0,stressed,drive16,51615
97,0.6155913978494624,10,5.641577060931899,1.0005555555555512,1,7,8.89247311827957,0.304000000000002,1,0.9421402969790066,0.238144,93.96344086021506,17.962049509147977,4.713537748389183,49.0,148.0,stressed,drive16,52080
100,0.5975887911371783,11,4.896774193548387,1.4836000000000042,1,5,9.806451612903226,0.21750000000000208,1,0.9903225806451612,0.188064,100.48387096774194,13.302851908014931,5.042873239128696,67.0,148.0,stressed,drive16,52545
94,0.6396115157821713,10,5.89247311827957,1.9874444444444483,1,4,12.365591397849462,0.8926666666666704,1,1.2546328071379547,4.138966,98.83118279569892,12.134306458329222,4.178987882266371,67.0,148.0,stressed,drive16,53010
107,0.5575167376749848,17,3.653225806451613,1.4991875000000043,1,6,6.477419354838711,0.6744000000000012,1,1.4287962234461054,5.572911,113.41505376344087,25.55962435248453,5.8104245429412655,68.0,190.0,stressed,drive16,53475
118,0.5028949545078578,24,2.4319775596072932,0.7579565217391309,1,7,7.440860215053763,0.3413333333333352,1,1.2190860215053763,5.765677,122.07956989247312,22.960838840188636,5.99255009324257,68.0,190.0,stressed,drive16,53940
112,0.5364719558267944,24,2.4375876577840114,0.643956521739125,1,9,5.887096774193548,0.3583750000000002,1,0.9254032258064516,5.450276,117.30752688172043,14.447236120382838,4.377995668230398,79.0,151.0,stressed,drive16,54405
112,0.5370531822144726,18,3.30550284629981,0.6978235294117651,1,8,6.405529953917052,0.4305714285714268,1,0.7335722819593787,4.08116,113.6236559139785,16.13265837375184,4.844070204527797,64.0,151.0,stressed,drive16,54870
109,0.5483870967741936,15,4.046082949308756,0.5992142857142868,1,4,10.32258064516129,0.31499999999999456,1,0.6853889943074004,3.561954,101.32688172043011,23.460115500751282,5.374960885531197,48.0,151.0,stressed,drive16,55335
110,0.5427641313998225,18,3.3434535104364325,0.49505882352941155,1,5,11.5,0.246,1,0.7256073277578654,3.561827,104.22903225806452,23.543147671653468,5.548494496104743,48.0,161.0,stressed,drive16,55800
105,0.5682382133995038,17,3.596774193548387,0.6628750000000054,1,6,5.948387096774193,0.15140000000000078,1,0.9774193548387097,2.531776,106.14623655913978,15.751774497338625,4.361244329205968,83.0,161.0,stressed,drive16,56265
97,0.620967741935484,12,4.375366568914956,0.8059090909090962,1,3,16.387096774193548,0.19900000000000512,1,1.722960151802657,0.418407,99.96236559139786,37.88706595194444,10.17071716355823,60.0,286.0,stressed,drive16,56730
95,0.630748112560055,15,4.04147465437788,0.6540714285714231,1,2,52.83870967741935,0.15900000000000003,1,1.5852534562211984,2.554326,97.98924731182795,37.752189888388514,10.113617204550122,60.0,286.0,stressed,drive16,57195
102,0.587032896838071,18,3.3965844402277034,0.7412352941176477,1,2,16.64516129032258,0.10699999999999737,1,1.0184331797235022,3.463733,98.68602150537635,20.12242953008125,3.97313367171363,55.0,158.0,stressed,drive16,57660
104,0.5768869401816474,12,3.8299120234604107,0.6135454545454554,1,5,9.516129032258064,0.3512499999999976,1,0.8073476702508962,3.130199,101.13010752688172,21.518215763995336,4.841069369183254,55.0,158.0,stressed,drive16,58125
98,0.6099102095111407,10,5.770609318996416,0.648222222222218,1,9,6.975806451612904,0.22900000000000445,1,0.7725178047758693,3.112208,96.05591397849463,14.519956325400054,4.590203449435771,60.0,132.0,stressed,drive16,58590
